snapped_at,price,market_cap,total_volume
2022-01-01 00:00:00 UTC,26.737095973322056,28732998502.746273,1029198943.9670718
2022-01-02 00:00:00 UTC,28.641423056433503,30517681838.453594,650806340.6952845
2022-01-03 00:00:00 UTC,29.76663909151273,31944115354.77421,1076715455.9372327
2022-01-04 00:00:00 UTC,30.15170108918123,32436340090.242737,1461765935.1203914
2022-01-05 00:00:00 UTC,28.85560896706936,31537656135.75426,1312142515.8722835
2022-01-06 00:00:00 UTC,26.88794754649635,28936275424.478165,1517014108.0554445
2022-01-07 00:00:00 UTC,26.81810933164343,28843259208.714306,1281481231.3562808
2022-01-08 00:00:00 UTC,24.966617574613622,26779237851.543533,2220537714.3123727
2022-01-09 00:00:00 UTC,24.051793062157824,25923977117.20303,1258983747.847014
2022-01-10 00:00:00 UTC,24.65132946490016,26407621531.276527,1087184419.1135013
2022-01-11 00:00:00 UTC,23.773314178362128,25456977504.43002,1414107986.2645206
2022-01-12 00:00:00 UTC,25.549876615214746,27475553928.56419,1276554183.5632813
2022-01-13 00:00:00 UTC,27.349144715858582,29399262365.304707,1159766365.0459332
2022-01-14 00:00:00 UTC,25.836341318657578,27917785563.580727,1118039838.0957701
2022-01-15 00:00:00 UTC,27.748763536504455,29684561956.36822,1484988317.430836
2022-01-16 00:00:00 UTC,27.778986859944954,29895862458.44073,915517798.4
2022-01-17 00:00:00 UTC,27.738117191121205,29789790006.807434,1049845646.3621527
2022-01-18 00:00:00 UTC,25.751505858215815,27670413006.059025,1170420006.1762898
2022-01-19 00:00:00 UTC,25.118053411006642,27020370467.037605,1087004448.6463797
2022-01-20 00:00:00 UTC,24.162781364500326,26125537293.84224,957657579.4
2022-01-21 00:00:00 UTC,23.024331211171255,24969517569.592186,988320911
2022-01-22 00:00:00 UTC,19.574187609576683,21173684730.274296,1979544572.036382
2022-01-23 00:00:00 UTC,18.28708783426802,19674934664.12584,2455316924.7197995
2022-01-24 00:00:00 UTC,18.802671156939812,20234576752,1420665035.5397663
2022-01-25 00:00:00 UTC,18.126485578434096,19558589661,1955649017.7112184
2022-01-26 00:00:00 UTC,18.53958523,19987558901,1234858143.1858609
2022-01-27 00:00:00 UTC,18.10492562402364,19665313790.58067,1451660664.4299476
2022-01-28 00:00:00 UTC,18.18946807468125,19501146889.39568,1020174861.693886
2022-01-29 00:00:00 UTC,18.372851407945653,19806520731.82455,820374496.7826016
2022-01-30 00:00:00 UTC,18.76352083387839,20151361693.38701,607122616.9946909
2022-01-31 00:00:00 UTC,18.221536871514516,19651471274.50926,605567191.7940992
2022-02-01 00:00:00 UTC,19.456703840135145,20922623770,943068662.2311251
2022-02-02 00:00:00 UTC,19.64032263624118,21259400427.022354,897937499.7
2022-02-03 00:00:00 UTC,18.84269861214864,20314239323.80025,981092196.1154816
2022-02-04 00:00:00 UTC,18.76318690237329,20253940808.552387,747076284.5884506
2022-02-05 00:00:00 UTC,20.493714841425078,21920795400.66965,936097374.8445774
2022-02-06 00:00:00 UTC,21.410655041263617,23208237609.594383,1078480125.1055315
2022-02-07 00:00:00 UTC,21.93454476389413,23630077327,669179973.8590842
2022-02-08 00:00:00 UTC,22.421151190170697,24285830156.680973,1094307998.8477252
2022-02-09 00:00:00 UTC,21.716960262761894,23527048022.776833,1178072579.252564
2022-02-10 00:00:00 UTC,21.958282792374536,23774347905.930065,727651466.6
2022-02-11 00:00:00 UTC,20.665904642186753,22480041052.512695,1058676685.0210963
2022-02-12 00:00:00 UTC,18.98356987116232,20572029325.256985,992204806.4227159
2022-02-13 00:00:00 UTC,18.815152462515293,20347060821.402138,702583071.2979032
2022-02-14 00:00:00 UTC,18.840796816073365,20286774145.390427,520320760.0056092
2022-02-15 00:00:00 UTC,18.732314169743915,20330586905.798527,605860012.7828761
2022-02-16 00:00:00 UTC,20.167527228360353,21989212429.833023,648661043.8032804
2022-02-17 00:00:00 UTC,19.831693104156717,21632674348.359264,651228108.5882292
2022-02-18 00:00:00 UTC,18.123878114571923,19666147141.288696,729682828.0764459
2022-02-19 00:00:00 UTC,17.86887473067776,19440501172.636116,662062096.4864421
2022-02-20 00:00:00 UTC,17.926197744256044,19440770227.12013,431248077.2874277
2022-02-21 00:00:00 UTC,16.948377603477436,18571831871.01635,654237821.1593908
2022-02-22 00:00:00 UTC,16.212967526787747,17594587959.022434,939691993.3548201
2022-02-23 00:00:00 UTC,16.581915190362093,17917639268.337646,823757048.9395145
2022-02-24 00:00:00 UTC,16.036832530428047,17465416910.19338,918406607.3870813
2022-02-25 00:00:00 UTC,16.104118842758016,17503655353.218777,1685419680.7506614
2022-02-26 00:00:00 UTC,17.310035168644806,18908136701.357437,902436424.7650347
2022-02-27 00:00:00 UTC,18.006637522495673,19504595248.591766,1059446587.4252287
2022-02-28 00:00:00 UTC,17.51614278663639,19052243735.017506,987126257.7958626
2022-03-01 00:00:00 UTC,18.943247857401634,20606771091.38648,1335777108.4068086
2022-03-02 00:00:00 UTC,18.87702635955203,20556858846.838238,1246786555.9126437
2022-03-03 00:00:00 UTC,18.608045948712572,20289899683.262436,841557855.3766359
2022-03-04 00:00:00 UTC,18.03471783366769,19677291867.65052,793303761.7
2022-03-05 00:00:00 UTC,16.784881153845042,18360963628.261246,814224107.9201245
2022-03-06 00:00:00 UTC,17.330377141911068,18883862709,611717395.9555771
2022-03-07 00:00:00 UTC,17.01198949977739,18560720716.930275,583143137.6472855
2022-03-08 00:00:00 UTC,16.426913670743733,17862554741.695995,738284001.6916823
2022-03-09 00:00:00 UTC,16.945346784357945,18508887744.591454,683767994.0548117
2022-03-10 00:00:00 UTC,17.876245857159546,19560678405.51668,692867521.3571929
2022-03-11 00:00:00 UTC,16.985958823787616,18530956722.802334,601179816.7222946
2022-03-12 00:00:00 UTC,17.743647828145413,19500591095.318806,907000023.3657291
2022-03-13 00:00:00 UTC,18.150935728455433,19856321187.00703,700110604.5677758
2022-03-14 00:00:00 UTC,17.234219464598677,18826508207.97311,466836866.97416115
2022-03-15 00:00:00 UTC,17.68738785594418,19307388269.832634,513960792.2023474
2022-03-16 00:00:00 UTC,17.828163307983015,19542246751.84596,483167184.41158473
2022-03-17 00:00:00 UTC,19.055584448057218,20882474607.959236,863021898.9
2022-03-18 00:00:00 UTC,18.755074123220062,20515847616.429142,572900134.7396764
2022-03-19 00:00:00 UTC,19.01395775408254,20852676356.84929,538421869.0531887
2022-03-20 00:00:00 UTC,19.34596806110183,21161039415.237484,599135365.0360895
2022-03-21 00:00:00 UTC,18.64579860180783,20430937897.518433,489026278.92273843
2022-03-22 00:00:00 UTC,18.788263823872484,20555627493.357197,510297791.81672853
2022-03-23 00:00:00 UTC,20.365777074518867,22375580025.085613,858765012.0841838
2022-03-24 00:00:00 UTC,20.980470549502094,22917058256.87239,950162625.4
2022-03-25 00:00:00 UTC,21.210356404656093,23287483814.445496,871015126.7953657
2022-03-26 00:00:00 UTC,20.547025200525564,22536737974.604527,706999483.6571165
2022-03-27 00:00:00 UTC,20.87394381,22895536369.104588,424587521.0171155
2022-03-28 00:00:00 UTC,22.38661684964733,24508515096.40211,610987177.2090095
2022-03-29 00:00:00 UTC,21.914457883187087,24285077478.31352,1042448625.9844141
2022-03-30 00:00:00 UTC,22.403552309898593,24458395644.506012,982288122.1198189
2022-03-31 00:00:00 UTC,22.512011785197572,24764137740.674706,926646920.3787513
2022-04-01 00:00:00 UTC,21.318705302764997,23348056183.67952,986419411.9764845
2022-04-02 00:00:00 UTC,21.996761615732268,24107462117.789444,958748664.9312756
2022-04-03 00:00:00 UTC,22.684900908599285,25068600693.179695,1196992957.9850526
2022-04-04 00:00:00 UTC,23.193205512290056,25454146154,925170103.2173431
2022-04-05 00:00:00 UTC,22.560434275454405,24809702948.170696,924348637.4240115
2022-04-06 00:00:00 UTC,21.843016612182463,24170810469.617382,780485513.9069963
2022-04-07 00:00:00 UTC,19.89700107558607,21884023993.94301,967317926.5029364
2022-04-08 00:00:00 UTC,20.441624053567306,22592140089.39074,669734254.5340466
2022-04-09 00:00:00 UTC,19.36759056,21245308735.687393,624597827.4739991
2022-04-10 00:00:00 UTC,19.792656880328018,21776656313.102512,375847571.66456026
2022-04-11 00:00:00 UTC,19.331487558951697,21519585779.975433,458928408.4588878
2022-04-12 00:00:00 UTC,17.182499771391125,18983230927.236343,807966452.0830128
2022-04-13 00:00:00 UTC,17.817527483368114,19652345191.89618,610671782.2777971
2022-04-14 00:00:00 UTC,18.206153438222977,20085251304.51666,513878512.39558345
2022-04-15 00:00:00 UTC,17.954475956169055,19820298510.02851,531799292.7406566
2022-04-16 00:00:00 UTC,18.379594847435794,20276872295,417489722.8127524
2022-04-17 00:00:00 UTC,18.660527306495563,20627331273.634712,338970682.95782435
2022-04-18 00:00:00 UTC,17.783716538513406,19583307840.980343,360271198.25218636
2022-04-19 00:00:00 UTC,18.178777088900517,20073661890.904236,565624303.9900763
2022-04-20 00:00:00 UTC,18.89087581721998,20866279144.09492,450524783.6556457
2022-04-21 00:00:00 UTC,19.088467611153188,21075560676.450333,681706472.1225206
2022-04-22 00:00:00 UTC,18.18472037750706,20078291029.149815,610473534.4
2022-04-23 00:00:00 UTC,18.31857023588711,20274065116.599762,500418741.45423335
2022-04-24 00:00:00 UTC,18.741319387866202,20796207821.715855,501125213.4
2022-04-25 00:00:00 UTC,18.160653932275427,20144224683.236816,431280288.52969056
2022-04-26 00:00:00 UTC,18.128100926600588,20042103389.29254,640029499.7165745
2022-04-27 00:00:00 UTC,16.610705695593627,18334870751.213654,608182597
2022-04-28 00:00:00 UTC,16.93827653241623,18737295016.70675,466016977.0009809
2022-04-29 00:00:00 UTC,16.982954466317672,18764543676.722324,469832988.98866826
2022-04-30 00:00:00 UTC,16.17424077241381,17863328168.972263,447859503.00437444
2022-05-01 00:00:00 UTC,14.569888162040202,16077408003.321634,533768189.4936618
2022-05-02 00:00:00 UTC,15.41877382499901,17115974747.519098,566782282.6168377
2022-05-03 00:00:00 UTC,14.992753076070642,16595396688.372225,538576541.4047321
2022-05-04 00:00:00 UTC,14.727361922722716,16336234645.316235,375587076.85691464
2022-05-05 00:00:00 UTC,16.292368065665716,18086809036.753685,604596716.3630756
2022-05-06 00:00:00 UTC,14.598846299024533,16139787079.44338,770366270.3320502
2022-05-07 00:00:00 UTC,14.355717785177836,15902171731.291216,666420063.0669165
2022-05-08 00:00:00 UTC,13.800376804821555,15342351275.278414,435899397.53231937
2022-05-09 00:00:00 UTC,13.22936099121686,14693132680.216925,587559187.9237889
2022-05-10 00:00:00 UTC,10.801429785440924,12052264545.716862,1221147645.002189
2022-05-11 00:00:00 UTC,11.325014505908833,12523107067.912542,1373396700.0395489
2022-05-12 00:00:00 UTC,8.901204052865326,9740921015.694233,2052805582.575399
2022-05-13 00:00:00 UTC,8.769325238296613,9672794814.103233,1330860993.6132805
2022-05-14 00:00:00 UTC,10.48797644,11547696159.158506,1485101669.9979768
2022-05-15 00:00:00 UTC,11.37609195242141,12731953528.881876,1032886423.6067917
2022-05-16 00:00:00 UTC,11.800640817629374,13088251956.97884,737142046.4429593
2022-05-17 00:00:00 UTC,10.661734977316367,11874243350.516064,679048385.0595918
2022-05-18 00:00:00 UTC,11.053819427499075,12319610110.939802,589327512.4078904
2022-05-19 00:00:00 UTC,9.517212484127024,10641628789.46398,664994046.9796052
2022-05-20 00:00:00 UTC,10.07163545677334,11217941457.897118,664760747.3
2022-05-21 00:00:00 UTC,9.695758499813333,10809968711.678555,474118252.2812381
2022-05-22 00:00:00 UTC,9.996885412,11157329579.411272,281874137.5877274
2022-05-23 00:00:00 UTC,10.189629881421922,11373307300.649183,350967436.47877896
2022-05-24 00:00:00 UTC,9.917950994206555,11069201694.498749,666619486.6452429
2022-05-25 00:00:00 UTC,10.197008650448218,11362810071.348871,446644494.0847582
2022-05-26 00:00:00 UTC,9.855449944611918,11001255600.649736,401058791.2259247
2022-05-27 00:00:00 UTC,9.198261981785189,10282583415.737362,676496224.0061575
2022-05-28 00:00:00 UTC,9.13874862,10192458909.114304,895069085.2552017
2022-05-29 00:00:00 UTC,9.695152233273474,10862046854.90491,384380632.6241109
2022-05-30 00:00:00 UTC,9.986166924880612,11168390882.839823,362425595.7607218
2022-05-31 00:00:00 UTC,10.461842809318215,11690276218.36792,522596182.88481176
2022-06-01 00:00:00 UTC,10.448283148141524,11683748015.891912,537525366.9990507
2022-06-02 00:00:00 UTC,9.484222468578501,10621419565.291458,582914758.4
2022-06-03 00:00:00 UTC,9.896299945398498,11094518595.936201,428346299.65681297
2022-06-04 00:00:00 UTC,9.372006368573782,10450662464.77977,344577333.1850279
2022-06-05 00:00:00 UTC,9.436263733449623,10530959378.612339,229554477.1705427
2022-06-06 00:00:00 UTC,9.338347728064072,10483265818.921627,200116189.32318878
2022-06-07 00:00:00 UTC,9.472049966781283,10627685062.193472,353038223.04368776
2022-06-08 00:00:00 UTC,9.245287369128352,10377514374.978031,360635212.5797018
2022-06-09 00:00:00 UTC,9.000860375425932,10092888732.36357,272545740.6317595
2022-06-10 00:00:00 UTC,9.224408429940054,10343193899.88632,303952508.1174619
2022-06-11 00:00:00 UTC,8.656938948250048,9702915948.225163,389959553.4516226
2022-06-12 00:00:00 UTC,8.007773894291699,8976559550.963488,380922783.0963164
2022-06-13 00:00:00 UTC,7.450027957000497,8431247007.134336,458133743.8870508
2022-06-14 00:00:00 UTC,7.001810875279709,7774561604.468859,894612341.9765085
2022-06-15 00:00:00 UTC,7.379032716449845,8291133948.242304,720864697.4473226
2022-06-16 00:00:00 UTC,8.516714356116118,9514898970.918207,914920363.8200166
2022-06-17 00:00:00 UTC,7.105844592665794,7956220111.036415,536050086.9674976
2022-06-18 00:00:00 UTC,7.325464174931059,8244703664.961858,358960490.8294395
2022-06-19 00:00:00 UTC,7.068027828135199,7910999674,478129359.6275283
2022-06-20 00:00:00 UTC,7.504558358292622,8418274234.958723,413627572.8865504
2022-06-21 00:00:00 UTC,7.894626280316918,8896278057.431814,409754603.9106185
2022-06-22 00:00:00 UTC,7.736855254831152,8703533941.397642,355538111.64542514
2022-06-23 00:00:00 UTC,7.419624804433869,8352025120.433854,337528816.3887432
2022-06-24 00:00:00 UTC,7.806285623861093,8765113684.228264,366090684.92139626
2022-06-25 00:00:00 UTC,8.215674261,9310880004.037724,425787143.6079469
2022-06-26 00:00:00 UTC,8.135501883565913,9146371513.872196,305775337.79692847
2022-06-27 00:00:00 UTC,7.861850137967533,8830347150.935154,252563578.61905572
2022-06-28 00:00:00 UTC,7.724790556,8715938811.850235,319318615.45482194
2022-06-29 00:00:00 UTC,7.295123088,8211808454,402816957.71528274
2022-06-30 00:00:00 UTC,7.002323505207497,7889820786.128837,502776117.96970075
2022-07-01 00:00:00 UTC,6.970042715539203,7768769566.469388,496017030.32697165
2022-07-02 00:00:00 UTC,6.789762340578334,7701931883.2126875,566020493.5375553
2022-07-03 00:00:00 UTC,6.827235670454218,7702459312,311046060.2183726
2022-07-04 00:00:00 UTC,6.849241180089714,7729361697.777877,253032931.41663566
2022-07-05 00:00:00 UTC,7.169210518110505,8094267844.248962,382160091.17067796
2022-07-06 00:00:00 UTC,6.840206443166161,7725625501.466356,557284693.3615872
2022-07-07 00:00:00 UTC,6.932599081682027,7834963151.533634,428661695.32595325
2022-07-08 00:00:00 UTC,7.320223383970988,8267394078.282055,465486302.6211283
2022-07-09 00:00:00 UTC,7.138690731338326,8072722719.230238,502296515.55760515
2022-07-10 00:00:00 UTC,7.2620836518951455,8217252048.741429,367312857.4197307
2022-07-11 00:00:00 UTC,6.853636299733879,7739133741.493705,389912956.6004521
2022-07-12 00:00:00 UTC,6.548562170533149,7409676236.8237095,290393929.6148746
2022-07-13 00:00:00 UTC,6.299920689741761,7195524647.3331585,274438888.38976103
2022-07-14 00:00:00 UTC,6.466718030554244,7315148414.477521,352705738.29318476
2022-07-15 00:00:00 UTC,6.722033479422479,7618273743.548126,307959821.08722556
2022-07-16 00:00:00 UTC,6.803514529364242,7696476702.795513,323795323.9091801
2022-07-17 00:00:00 UTC,7.1806583122276795,8127524864.645293,337773085.79517287
2022-07-18 00:00:00 UTC,6.941678186836009,7882982690.455788,285755326.44660366
2022-07-19 00:00:00 UTC,7.663547079988968,8623146904.758888,577567571.1279551
2022-07-20 00:00:00 UTC,7.805428675874703,8830877482,746242075.3136312
2022-07-21 00:00:00 UTC,7.494747923839123,8511024502.724661,591571953.7072768
2022-07-22 00:00:00 UTC,7.522307681331509,8536024949,381438899.58744115
2022-07-23 00:00:00 UTC,7.305335424196388,8278054689.219274,409965947.3129851
2022-07-24 00:00:00 UTC,7.350939101233989,8328034192.180636,316796653.09030455
2022-07-25 00:00:00 UTC,7.418171973435616,8459820441,334141235.42908055
2022-07-26 00:00:00 UTC,6.801378054710406,7794274433.176702,389825980.9307424
2022-07-27 00:00:00 UTC,6.761483215626529,7673308433.411879,355891139.67063516
2022-07-28 00:00:00 UTC,7.561940666246688,8500895624.267787,476702692.01840645
2022-07-29 00:00:00 UTC,7.856758845650289,8926076457.834269,731958391.0652231
2022-07-30 00:00:00 UTC,8.254099425235934,9493813839.320831,704624822.1397939
2022-07-31 00:00:00 UTC,8.223237506460018,9353641329.186054,652019084.5777812
2022-08-01 00:00:00 UTC,8.676722318164812,9891619918.315361,800855163.8112267
2022-08-02 00:00:00 UTC,8.182566038730137,9287964269.291164,637064108.3820356
2022-08-03 00:00:00 UTC,7.987130875742656,9112943029.573925,616047227.5401912
2022-08-04 00:00:00 UTC,8.019968326257795,9104031869.777122,497363617.2538427
2022-08-05 00:00:00 UTC,8.105913518219932,9201056896.420918,370664603.7015763
2022-08-06 00:00:00 UTC,8.782313243874109,9973892090,493509572.10535455
2022-08-07 00:00:00 UTC,8.535766619734408,9715932783.413113,359906898.4779536
2022-08-08 00:00:00 UTC,8.645826921981477,9848633511.008566,316791951.5772106
2022-08-09 00:00:00 UTC,9.293793478167027,10600715580.037605,680460985.7296546
2022-08-10 00:00:00 UTC,8.907662578820101,10124535855.600483,1793771726.8006394
2022-08-11 00:00:00 UTC,9.488815023023541,10784370405.833023,821049280.8519104
2022-08-12 00:00:00 UTC,9.201884659413661,10498493245.224518,666188098.0228884
2022-08-13 00:00:00 UTC,9.480567462863045,10800522855.660023,536717872.4
2022-08-14 00:00:00 UTC,9.304670048983118,10607878198.480349,349277713.0658586
2022-08-15 00:00:00 UTC,8.955954355161216,10239352122.824654,410218267.5534377
2022-08-16 00:00:00 UTC,8.811939800005115,10054037534.143883,443748608.91429573
2022-08-17 00:00:00 UTC,8.863559569845178,10091757471.36399,361783935.16488737
2022-08-18 00:00:00 UTC,8.370952417932997,9573334763,434704289.0953314
2022-08-19 00:00:00 UTC,8.104153247573388,9280116805.423048,321099596.2
2022-08-20 00:00:00 UTC,7.336196407991564,8387928914.140771,468975086.58167636
2022-08-21 00:00:00 UTC,7.234957915613337,8257720937.426555,325902403.56033987
2022-08-22 00:00:00 UTC,7.456335865567314,8539197111.170634,239159522.8705295
2022-08-23 00:00:00 UTC,7.402169823069187,8450196394.7235985,293458774.7
2022-08-24 00:00:00 UTC,7.657949798,8747771938.814651,328997051.5
2022-08-25 00:00:00 UTC,7.581044670572473,8681481223,270013995.87179303
2022-08-26 00:00:00 UTC,7.594387018,8709104447.676794,233753956.12490514
2022-08-27 00:00:00 UTC,6.937489346438347,7910360418.702681,338509659.2806309
2022-08-28 00:00:00 UTC,7.062807230819954,8094454288.933932,264326212.12453198
2022-08-29 00:00:00 UTC,6.895424792064857,7904906863.210184,192071231.52542433
2022-08-30 00:00:00 UTC,7.290118968272859,8360169420.422865,278447038.21825695
2022-08-31 00:00:00 UTC,6.984391608517394,8053688426.145474,264676362.7892612
2022-09-01 00:00:00 UTC,7.019343630471642,8041149795.790877,239489891.2733127
2022-09-02 00:00:00 UTC,7.193081069206047,8244074802.016993,267990947.6
2022-09-03 00:00:00 UTC,7.3019734403613725,8363690740.074321,349647674.49128175
2022-09-04 00:00:00 UTC,7.276799953721473,8358887669.340904,197241570.15928125
2022-09-05 00:00:00 UTC,7.374550409292204,8458100395.998685,215999275.7426145
2022-09-06 00:00:00 UTC,7.362505243906269,8448942576.525926,294534221.9765169
2022-09-07 00:00:00 UTC,6.892565163556254,7927675072.449328,395188284.97998774
2022-09-08 00:00:00 UTC,7.202308390586858,8281145104.426949,317512665.2320209
2022-09-09 00:00:00 UTC,7.395360164932129,8494892119.744665,336043666.79299015
2022-09-10 00:00:00 UTC,7.762750555283015,8930263758.923895,357445285.7066698
2022-09-11 00:00:00 UTC,7.794452310539513,8963321266.752571,273468652.7839261
2022-09-12 00:00:00 UTC,7.685712587696711,8842559955.013815,249226804.14856288
2022-09-13 00:00:00 UTC,7.643022794488279,8794425064.494183,418330939.99678606
2022-09-14 00:00:00 UTC,7.0851159860761745,8153896049.837282,423497658.6158054
2022-09-15 00:00:00 UTC,7.213760436420992,8287223105.581056,288042764.5222527
2022-09-16 00:00:00 UTC,6.925994666672714,7986527235.292601,331917684.92857593
2022-09-17 00:00:00 UTC,6.885169664119995,7930762988.751271,281326251.4442499
2022-09-18 00:00:00 UTC,7.062033609787554,8133724043,200117947.7609119
2022-09-19 00:00:00 UTC,6.451319275569396,7444358865,304668233.4065653
2022-09-20 00:00:00 UTC,6.400147682393467,7395756926.515954,374381504.5999829
2022-09-21 00:00:00 UTC,6.2735544717347125,7234401006.965719,249671892.20249358
2022-09-22 00:00:00 UTC,6.155079544,7090934908.920663,378987568.43804663
2022-09-23 00:00:00 UTC,6.459199231132459,7443065137.032053,261158472.98531902
2022-09-24 00:00:00 UTC,6.4387239867675765,7456703132.509926,338069357.26604915
2022-09-25 00:00:00 UTC,6.279193352283581,7251574448.160442,204567906.99327344
2022-09-26 00:00:00 UTC,6.2090362798894345,7159920013.085959,189022810.3120595
2022-09-27 00:00:00 UTC,6.537305452547308,7540850498.713729,373281606.89103955
2022-09-28 00:00:00 UTC,6.385907691464419,7385624069.108253,320786055.5385544
2022-09-29 00:00:00 UTC,6.402230753147547,7403608529.936789,252245048.66838986
2022-09-30 00:00:00 UTC,6.424362258931859,7428715004.611359,248460354.27300838
2022-10-01 00:00:00 UTC,6.318884540630228,7310803464.732821,310145298.6
2022-10-02 00:00:00 UTC,6.270177916210261,7252843119,171677814.68415865
2022-10-03 00:00:00 UTC,6.175004031977384,7166319648,192661765.0237451
2022-10-04 00:00:00 UTC,6.382121662764067,7390559332.246163,222801270.31950393
2022-10-05 00:00:00 UTC,6.495634012286242,7531801921,199914235.40467995
2022-10-06 00:00:00 UTC,6.434243088786229,7453510739,194188039.11389047
2022-10-07 00:00:00 UTC,6.335205166710474,7342580758,199865910.5473672
2022-10-08 00:00:00 UTC,6.303039128782252,7296315268.650179,184577625.44787857
2022-10-09 00:00:00 UTC,6.3072484298727955,7309051485.728786,126797316.37634787
2022-10-10 00:00:00 UTC,6.474215515030945,7491730312.181772,162194352.24792752
2022-10-11 00:00:00 UTC,6.261375650357296,7274219535.160056,196475554.4770108
2022-10-12 00:00:00 UTC,6.178437206667696,7161888672.234232,179637147.53118715
2022-10-13 00:00:00 UTC,6.170286131792819,7157412350.284423,143942887.81035906
2022-10-14 00:00:00 UTC,6.118107126071069,7114842219.699822,326897884.2909971
2022-10-15 00:00:00 UTC,6.0482969336456796,7009033707.780369,200870897.61336842
2022-10-16 00:00:00 UTC,6.053848659488938,7037781206.478399,128879776.90124626
2022-10-17 00:00:00 UTC,6.187909002854843,7180379823.719873,154968669.6137633
2022-10-18 00:00:00 UTC,6.261909221,7273858475.315711,181727224.5362455
2022-10-19 00:00:00 UTC,6.159840950533676,7166066151.390535,197244682.70468947
2022-10-20 00:00:00 UTC,6.100192535102491,7106619182.888053,235306968.93755448
2022-10-21 00:00:00 UTC,5.879164097467845,6835261335.235466,251460220.00984746
2022-10-22 00:00:00 UTC,5.831333073776765,6784441834.768565,335658828.31249356
2022-10-23 00:00:00 UTC,5.849650890164364,6805293109,226793996.6026821
2022-10-24 00:00:00 UTC,5.959396740320037,6924787993.258908,225723711.88938487
2022-10-25 00:00:00 UTC,5.908162457565343,6878576580.041779,247486445.18301448
2022-10-26 00:00:00 UTC,6.4487343859863415,7511228760.251265,424831161.1
2022-10-27 00:00:00 UTC,6.472561100006428,7532505304.806425,314755284.2109196
2022-10-28 00:00:00 UTC,6.341407609886782,7395895635.919502,307410462.9211887
2022-10-29 00:00:00 UTC,6.520146600462493,7600020160.998655,270925964.7311389
2022-10-30 00:00:00 UTC,6.628612882300657,7721226925.995076,329448106.51637316
2022-10-31 00:00:00 UTC,6.646905931405313,7738753670.074439,247616521.25816256
2022-11-01 00:00:00 UTC,6.629761481159746,7737917245,374068126.8039857
2022-11-02 00:00:00 UTC,6.470919304139706,7552494492.212819,323537949.2378855
2022-11-03 00:00:00 UTC,6.248053129263109,7292225645.392948,447817125.95940685
2022-11-04 00:00:00 UTC,6.420972532569684,7497048063.387318,400845031.4002077
2022-11-05 00:00:00 UTC,7.070667814964063,8273263731.217569,596760256.7645359
2022-11-06 00:00:00 UTC,7.019881861679114,8216821124.383448,524853725.39645594
2022-11-07 00:00:00 UTC,6.8191786227324425,7966513124.6598425,386646382.1
2022-11-08 00:00:00 UTC,7.119434896729182,8316417040.695849,580552457.0833167
2022-11-09 00:00:00 UTC,6.305819529634667,7404280923.670162,879258826.5510267
2022-11-10 00:00:00 UTC,5.387935014686499,6303598459.159675,803851322.3157233
2022-11-11 00:00:00 UTC,5.959795503990238,6961553364.684112,604308002.6599672
2022-11-12 00:00:00 UTC,5.777985907411939,6726484884.002696,408619625.7361751
2022-11-13 00:00:00 UTC,5.774074495,6746201815.205456,218809784.92624253
2022-11-14 00:00:00 UTC,5.751572408119209,6704558947.326855,242972818.65175647
2022-11-15 00:00:00 UTC,5.862457337190748,6876430506.280473,276137142.5529776
2022-11-16 00:00:00 UTC,5.924926486568587,6940011819.542353,165930249.8254998
2022-11-17 00:00:00 UTC,5.7227420952101085,6687686885.227982,167588762.1354588
2022-11-18 00:00:00 UTC,5.681003680598559,6651305250.237583,152595562.8398643
2022-11-19 00:00:00 UTC,5.645948553150153,6613047607.886468,134814487.54958668
2022-11-20 00:00:00 UTC,5.607460544771688,6575422956.353078,108869520.2521429
2022-11-21 00:00:00 UTC,5.299733010902535,6221134508.195583,185142127.93378395
2022-11-22 00:00:00 UTC,5.199655615266775,6104721832.339722,264092333.70384037
2022-11-23 00:00:00 UTC,5.273028337640404,6201634999.630893,256645938.64162102
2022-11-24 00:00:00 UTC,5.443165190559928,6396647767.929542,217511018.5492946
2022-11-25 00:00:00 UTC,5.388974510527179,6333228095.393261,204620001.16541916
2022-11-26 00:00:00 UTC,5.2749698281683015,6198914851.987527,153951955.45882332
2022-11-27 00:00:00 UTC,5.302373502924272,6228037334.711208,156187905.47392622
2022-11-28 00:00:00 UTC,5.303442076324324,6241962286.791979,130401784.35975881
2022-11-29 00:00:00 UTC,5.133673027053566,6033193288.246444,216249541.85636505
2022-11-30 00:00:00 UTC,5.3128897441199125,6246844054.861227,189434131.77291316
2022-12-01 00:00:00 UTC,5.477993642012171,6452545832.803522,208688881.1775829
2022-12-02 00:00:00 UTC,5.400486331935812,6348286057.274435,170156526.9358665
2022-12-03 00:00:00 UTC,5.648105069152116,6629238961.077899,272015565.00928223
2022-12-04 00:00:00 UTC,5.504915282161034,6487702630.751659,202182789.64498514
2022-12-05 00:00:00 UTC,5.606038163070065,6594644265.094774,121770683.53406751
2022-12-06 00:00:00 UTC,5.492117706618971,6475634330.892691,151358305.2837018
2022-12-07 00:00:00 UTC,5.5045821564371105,6483610549.768277,121211429.78312105
2022-12-08 00:00:00 UTC,5.303335268684337,6257950190.524466,188037304.45463148
2022-12-09 00:00:00 UTC,5.431800866906172,6408974489,161041105.39451358
2022-12-10 00:00:00 UTC,5.303058391670169,6259197967.658567,131449171.82848728
2022-12-11 00:00:00 UTC,5.272172576811368,6220075302.7999935,86014999.73841877
2022-12-12 00:00:00 UTC,5.168804864247797,6100067426.108336,108949492.5630753
2022-12-13 00:00:00 UTC,5.167370021273998,6104088871.110464,161861179.00586328
2022-12-14 00:00:00 UTC,5.2801352669731205,6243076183.817809,206252780.21096718
2022-12-15 00:00:00 UTC,5.218581541207982,6168725589.664655,244712787.11427885
2022-12-16 00:00:00 UTC,5.214874394109295,6177909728.993104,208210052.3480659
2022-12-17 00:00:00 UTC,4.646731144817608,5474079704.445132,275779636.79321325
2022-12-18 00:00:00 UTC,4.715801763,5579152130.505003,221174551.06017926
2022-12-19 00:00:00 UTC,4.663401667527673,5532952269.818865,98713106.32340653
2022-12-20 00:00:00 UTC,4.473339974294161,5301793527.306867,161782937.52207825
2022-12-21 00:00:00 UTC,4.614603851775438,5461966902.033066,130494169.19677942
2022-12-22 00:00:00 UTC,4.480008406321904,5298824496.402215,117104381.78747611
2022-12-23 00:00:00 UTC,4.529000633953305,5345186586.575271,124180162.84817378
2022-12-24 00:00:00 UTC,4.4736616615315254,5298524422.118842,111770045.98798555
2022-12-25 00:00:00 UTC,4.454023086822344,5277812531.088768,43500721.62
2022-12-26 00:00:00 UTC,4.493642987510963,5324806627.552072,81185178.21587074
2022-12-27 00:00:00 UTC,4.570317371,5415095156.281545,100119861.00260232
2022-12-28 00:00:00 UTC,4.478366702,5306983821.991009,118374595.34020732
2022-12-29 00:00:00 UTC,4.280846399530962,5078940183.834696,178846918.98344705
2022-12-30 00:00:00 UTC,4.307811349232355,5114437299.478905,106214112.0526113
2022-12-31 00:00:00 UTC,4.324198967346808,5133550358.879966,99019186.51600516
2023-01-01 00:00:00 UTC,4.313324167,5124272924.061023,81868230.06299889
2023-01-02 00:00:00 UTC,4.370398234173801,5189797451.493689,83080057.51345398
2023-01-03 00:00:00 UTC,4.488836626124295,5333559989.932448,118418546.00088559
2023-01-04 00:00:00 UTC,4.527619435836773,5374172553.766793,98616165.59990907
2023-01-05 00:00:00 UTC,4.632589621042435,5501400960.100924,128601420.39664847
2023-01-06 00:00:00 UTC,4.618387481116268,5486559228.853257,110202869.37893058
2023-01-07 00:00:00 UTC,4.6874963649585375,5575400373.862744,120116807.84029973
2023-01-08 00:00:00 UTC,4.667867731193827,5544971196.399066,75278982.1
2023-01-09 00:00:00 UTC,4.781659951,5678600122.934231,118428756.66407454
2023-01-10 00:00:00 UTC,4.889549960346178,5822967240.545416,258706966.0211436
2023-01-11 00:00:00 UTC,4.9156673678489025,5844614796.573698,142944072.97941983
2023-01-12 00:00:00 UTC,5.133530065782115,6104959456.841534,176549390.7267576
2023-01-13 00:00:00 UTC,5.227868294639788,6225980707.135592,246272551.56941697
2023-01-14 00:00:00 UTC,5.404097385583974,6418896549.379607,228790043.3560822
2023-01-15 00:00:00 UTC,6.028214515143082,7185441825.556078,782687495.7213826
2023-01-16 00:00:00 UTC,5.934370777642712,7048844533.072695,343689205.9871965
2023-01-17 00:00:00 UTC,5.810048234064627,6914982508.280345,366947917.8205463
2023-01-18 00:00:00 UTC,5.963397654520307,7098249474.233347,396046272.97196877
2023-01-19 00:00:00 UTC,5.655251045120312,6726902475.495878,441232057.6899503
2023-01-20 00:00:00 UTC,5.801379267235778,6924736793.838175,187140445.4390963
2023-01-21 00:00:00 UTC,6.254683210538306,7461520990.843851,260476431.48039794
2023-01-22 00:00:00 UTC,6.246217001006929,7452411001.806236,355405212.3929102
2023-01-23 00:00:00 UTC,6.212167847018589,7418382148.705477,249458571.46704164
2023-01-24 00:00:00 UTC,6.589296753282481,7863091567.413891,434790321.16012686
2023-01-25 00:00:00 UTC,6.186292457598319,7395228277.021116,305760411.89162666
2023-01-26 00:00:00 UTC,6.421232137004184,7659051015.469998,359305707.4725925
2023-01-27 00:00:00 UTC,6.468366037302892,7747735674.283517,326216001.75108075
2023-01-28 00:00:00 UTC,6.569930587254382,7856739950.604887,265474456.73399788
2023-01-29 00:00:00 UTC,6.389057965845566,7640327631,208329337.7263006
2023-01-30 00:00:00 UTC,6.621092132215346,7922259197.054451,254655935.21533224
2023-01-31 00:00:00 UTC,6.195536094713961,7410872880.314612,275635411.8871149
2023-02-01 00:00:00 UTC,6.269667976200108,7502144503.192972,217928928.73929405
2023-02-02 00:00:00 UTC,6.470865445518001,7749019076.1355095,297339779.98897237
2023-02-03 00:00:00 UTC,6.555954157754909,7861116315.319404,417508226.7340164
2023-02-04 00:00:00 UTC,7.012688935124944,8414262771.289161,490617061.78249687
2023-02-05 00:00:00 UTC,6.896031693361286,8273869515.110414,238800804.9298765
2023-02-06 00:00:00 UTC,6.641842495719097,7973598039,270982774.7282343
2023-02-07 00:00:00 UTC,6.4972667003750315,7779070314.796459,245142517.19205156
2023-02-08 00:00:00 UTC,6.948134566018175,8333990417,295243777.23315567
2023-02-09 00:00:00 UTC,6.756755185938241,8110178949.590388,247375557.4
2023-02-10 00:00:00 UTC,6.229762039218076,7477194018.495944,529810448.85853124
2023-02-11 00:00:00 UTC,6.188909530502617,7442362927.451278,301637805.19501954
2023-02-12 00:00:00 UTC,6.283722264,7543346315.064424,143068442.52349454
2023-02-13 00:00:00 UTC,6.164062517934927,7416773395.914189,178158552.53923786
2023-02-14 00:00:00 UTC,6.118583929495318,7352408834,335928393.66483676
2023-02-15 00:00:00 UTC,6.234367785778781,7496941327.303583,278124947.47988665
2023-02-16 00:00:00 UTC,6.609392900657438,7945712271.908503,335324467.09394306
2023-02-17 00:00:00 UTC,6.388632355427524,7658563981.686901,401487886.9816844
2023-02-18 00:00:00 UTC,7.2970504216845145,8780715046.827116,816508568.9527842
2023-02-19 00:00:00 UTC,7.247649982690182,8724929154.706154,471016202.0785851
2023-02-20 00:00:00 UTC,7.439395788318963,8991538134.236885,790399403.6852473
2023-02-21 00:00:00 UTC,7.527218326014244,9059900211.471052,517830090.9
2023-02-22 00:00:00 UTC,7.250333872381433,8725074263.862608,424382923.07921475
2023-02-23 00:00:00 UTC,7.170302237747458,8656728943.641329,445050807.2896644
2023-02-24 00:00:00 UTC,7.091543344834797,8528870605.745284,375652835.7517494
2023-02-25 00:00:00 UTC,6.614184848454191,7975206269.458946,406675008.98326564
2023-02-26 00:00:00 UTC,6.5384156833392195,7879063917.589614,273278804.5
2023-02-27 00:00:00 UTC,6.684255284896303,8070006130,259252796.1740206
2023-02-28 00:00:00 UTC,6.582575515067073,7952520453.615793,288525491.12878805
2023-03-01 00:00:00 UTC,6.347643028754492,7652424036.270056,265521916.8877683
2023-03-02 00:00:00 UTC,6.530439779534664,7881933855.700314,275326716.41447943
2023-03-03 00:00:00 UTC,6.323204212096074,7639140586.219113,237639733.7391961
2023-03-04 00:00:00 UTC,6.034711256,7290395652.243021,307950873.03640676
2023-03-05 00:00:00 UTC,5.912109804,7141278386.960345,187234194.30865684
2023-03-06 00:00:00 UTC,5.98959954,7221755522.737399,180881874.03344986
2023-03-07 00:00:00 UTC,5.923359550446518,7154139434.735579,198293306.59054276
2023-03-08 00:00:00 UTC,5.860554127495924,7065034655.987277,256896325.0438712
2023-03-09 00:00:00 UTC,5.604205079811912,6783974361,325705157
2023-03-10 00:00:00 UTC,5.383804642221565,6492221339.424328,322122608.31763804
2023-03-11 00:00:00 UTC,5.5578657025686855,6741885995,398823095.5557338
2023-03-12 00:00:00 UTC,5.473940982394556,6608022342.119235,319352907.62515956
2023-03-13 00:00:00 UTC,5.909985122578976,7123017236.499321,293974688.8693106
2023-03-14 00:00:00 UTC,6.104099641771777,7401937660.952844,430322351.51094365
2023-03-15 00:00:00 UTC,6.240865839469254,7571159433.171571,426347359.0654485
2023-03-16 00:00:00 UTC,5.893214375142593,7141510095.537369,396831002.7460806
2023-03-17 00:00:00 UTC,6.130406324099899,7439207053.003964,270083592.87212455
2023-03-18 00:00:00 UTC,6.643520440698393,8021960013,349175461.31906897
2023-03-19 00:00:00 UTC,6.350843430090958,7700962300.739078,325589655.7783797
2023-03-20 00:00:00 UTC,6.5085918788150305,7931605244.124213,263101166.38878074
2023-03-21 00:00:00 UTC,6.120146333135944,7450586725.902299,272209445.39314884
2023-03-22 00:00:00 UTC,6.406769717611565,7772318411,224997518.4386857
2023-03-23 00:00:00 UTC,6.094201907849631,7396098382.400391,292943935.7844627
2023-03-24 00:00:00 UTC,6.351492625,7703989762.115649,183653212.18641487
2023-03-25 00:00:00 UTC,6.024252570252626,7365301138.477666,208117030.97280684
2023-03-26 00:00:00 UTC,5.943918980953513,7220374796.394252,141765532.24290985
2023-03-27 00:00:00 UTC,6.053543695643394,7387058765.428269,132449722.86287573
2023-03-28 00:00:00 UTC,5.882847918709621,7146342407.622332,165318894.15237087
2023-03-29 00:00:00 UTC,6.069816786939525,7383642654.515058,153874808
2023-03-30 00:00:00 UTC,6.186884363391786,7522732303.452091,187654032.13473487
2023-03-31 00:00:00 UTC,6.121940922776154,7444748644.317304,197809653.58875155
2023-04-01 00:00:00 UTC,6.344939126,7727847982.814717,220876667.6
2023-04-02 00:00:00 UTC,6.349662387121178,7731363330,150087142.66423145
2023-04-03 00:00:00 UTC,6.274330928159255,7641386574.804739,165981691.06121218
2023-04-04 00:00:00 UTC,6.425824846847764,7823458413.487148,250934390.80967146
2023-04-05 00:00:00 UTC,6.439691555375001,7843403288.734628,228779710.01745048
2023-04-06 00:00:00 UTC,6.405267252867749,7817274516.518067,191646245.2648846
2023-04-07 00:00:00 UTC,6.2784657981328325,7657366272.615343,165932757.86882693
2023-04-08 00:00:00 UTC,6.186862010838575,7546011941.215961,162303820.72659385
2023-04-09 00:00:00 UTC,6.136313633781984,7493348826.317786,131916467.42051286
2023-04-10 00:00:00 UTC,6.213778028185303,7585959979.016828,145695437.94792384
2023-04-11 00:00:00 UTC,6.287959670258352,7678397456.557879,157115505.87741607
2023-04-12 00:00:00 UTC,6.4272948218909915,7847129342.169121,212206406.7214694
2023-04-13 00:00:00 UTC,6.409277933045699,7830662352.098901,222772320.5773293
2023-04-14 00:00:00 UTC,6.644896071307531,8125660233.428235,204632452.95533252
2023-04-15 00:00:00 UTC,6.732115902799675,8229505281.449617,283263717.3895486
2023-04-16 00:00:00 UTC,6.805546473891654,8328054056.264707,191633213.10291263
2023-04-17 00:00:00 UTC,6.825625935281183,8337320667.595355,191364307.99952257
2023-04-18 00:00:00 UTC,6.700156578231956,8182296977,223489561.91374186
2023-04-19 00:00:00 UTC,6.919362495628588,8468999209,241327263.9727992
2023-04-20 00:00:00 UTC,6.310468184195398,7726090602,304362268.38184124
2023-04-21 00:00:00 UTC,6.107436674863342,7472350670.195494,246649681.5235294
2023-04-22 00:00:00 UTC,5.8521280714835315,7155855076.124115,216476239.6364232
2023-04-23 00:00:00 UTC,5.958744308975133,7292666127.714577,117290788.70863463
2023-04-24 00:00:00 UTC,5.924092657714076,7243220355.575814,130092033.82752354
2023-04-25 00:00:00 UTC,5.8888545404152515,7210898432.939273,154360733.29922673
2023-04-26 00:00:00 UTC,6.009766924,7355188923.128216,147991878.34889048
2023-04-27 00:00:00 UTC,5.846075305894113,7161641711.498215,264915327.13300398
2023-04-28 00:00:00 UTC,5.974928589737345,7320486092.572454,186747228.4344532
2023-04-29 00:00:00 UTC,5.947740109660597,7298739318.779796,155980353.2516568
2023-04-30 00:00:00 UTC,6.033944475776628,7407756843.436067,119565163.53531247
2023-05-01 00:00:00 UTC,5.91333765,7260991514.521792,126929660.51719077
2023-05-02 00:00:00 UTC,5.671799480017039,6962447943.899826,144500093.6719824
2023-05-03 00:00:00 UTC,5.717933563019812,7022173071.442521,106941680.34107219
2023-05-04 00:00:00 UTC,5.775235483490289,7095348281.829583,131755396.32880166
2023-05-05 00:00:00 UTC,5.668620138161426,6967803848.607421,101013051.50719701
2023-05-06 00:00:00 UTC,5.849452455018853,7192813780.916603,156382785.9796453
2023-05-07 00:00:00 UTC,5.650476502115529,6942712515.551953,133385483.12114167
2023-05-08 00:00:00 UTC,5.6552902336622495,6946473944.085941,96756910.32273306
2023-05-09 00:00:00 UTC,5.374661234608271,6612416991.922427,209588586.96745554
2023-05-10 00:00:00 UTC,5.322866940026135,6555237355.919554,128633537.14862952
2023-05-11 00:00:00 UTC,5.475541723442838,6740923466.277253,183961207.17227077
2023-05-12 00:00:00 UTC,5.285886732051951,6508587547.621296,143209793.60961038
2023-05-13 00:00:00 UTC,5.349323505539287,6592082194.022329,131408404.88970979
2023-05-14 00:00:00 UTC,5.351771904989988,6613225094.531797,82899032.60315505
2023-05-15 00:00:00 UTC,5.349944390367364,6595093847.583115,79532459.04158828
2023-05-16 00:00:00 UTC,5.327653880602301,6572863586.501249,109157885.16754459
2023-05-17 00:00:00 UTC,5.299035374860455,6540611307.189871,98890906.85055073
2023-05-18 00:00:00 UTC,5.412062344107352,6674879022.545034,114012097.76915546
2023-05-19 00:00:00 UTC,5.339732913052098,6597019426.461229,114165285.2461804
2023-05-20 00:00:00 UTC,5.369633421158922,6631963805.393506,99454893.83
2023-05-21 00:00:00 UTC,5.407594582591559,6674722770.974614,82384849.31141508
2023-05-22 00:00:00 UTC,5.2713239589815855,6514543949.599768,81457305.93183246
2023-05-23 00:00:00 UTC,5.314597594323604,6564967224.117241,91546069.68166544
2023-05-24 00:00:00 UTC,5.4024239777216785,6672798619.091968,94056469.49754092
2023-05-25 00:00:00 UTC,5.262264617797762,6511227845.906241,105394189.1213902
2023-05-26 00:00:00 UTC,5.239990678729722,6475200642.768937,109024202.25390644
2023-05-27 00:00:00 UTC,5.247617628899264,6486691821.632737,96931071.17412083
2023-05-28 00:00:00 UTC,5.334881191030133,6596527657.495327,90138422.14
2023-05-29 00:00:00 UTC,5.512334404806833,6835221563,98777965.30271122
2023-05-30 00:00:00 UTC,5.458985852478608,6755550918.582554,99648448.09749193
2023-05-31 00:00:00 UTC,5.443350563918375,6740284018.000778,106801123.36949877
2023-06-01 00:00:00 UTC,5.319849513047748,6584630091.523257,115447803.0185303
2023-06-02 00:00:00 UTC,5.210806478409606,6452671672,110045206.21305749
2023-06-03 00:00:00 UTC,5.278572412578042,6541182868.270858,121990756.46299705
2023-06-04 00:00:00 UTC,5.327164683495162,6592545949,72117305.84594712
2023-06-05 00:00:00 UTC,5.326717147827145,6599459524.420096,91948906.34262203
2023-06-06 00:00:00 UTC,5.078026527334755,6301773078.416282,185982277.04800695
2023-06-07 00:00:00 UTC,5.206113774792793,6453259978.017477,128394216.6088764
2023-06-08 00:00:00 UTC,5.021328593625374,6229266860.507048,122563303.89358509
2023-06-09 00:00:00 UTC,5.024888580781012,6237398804.988878,103608897.38191883
2023-06-10 00:00:00 UTC,4.977210988108317,6170314775.654283,94189595.36406255
2023-06-11 00:00:00 UTC,4.525840001355898,5621858588.221082,321352964.9069129
2023-06-12 00:00:00 UTC,4.518929865540423,5605160890.324238,117996197.1543621
2023-06-13 00:00:00 UTC,4.532556755374545,5629603118.429002,118502108.14526387
2023-06-14 00:00:00 UTC,4.616261798896556,5733442994.647317,117193241.41057375
2023-06-15 00:00:00 UTC,4.569755384058333,5676495318.038254,135280084.4763831
2023-06-16 00:00:00 UTC,4.369108735944236,5429227760.935317,202589996.85418543
2023-06-17 00:00:00 UTC,4.416137727630147,5492960793.288925,115437269.51576252
2023-06-18 00:00:00 UTC,4.520248497,5624221980.781707,96558381.40212828
2023-06-19 00:00:00 UTC,4.526425849471979,5635105538.564865,98854001.78337964
2023-06-20 00:00:00 UTC,4.518006735376183,5624565132.018068,84703876.56671043
2023-06-21 00:00:00 UTC,4.665289560073817,5811422371,111587203.72393355
2023-06-22 00:00:00 UTC,4.834416186,6024578038.397528,148425882.51265642
2023-06-23 00:00:00 UTC,4.831681126789498,6022105995.910259,150850171.24950275
2023-06-24 00:00:00 UTC,5.1010536493358165,6350589383.462762,146952893.02879494
2023-06-25 00:00:00 UTC,5.005257376284895,6236801107.212712,104184225.10207608
2023-06-26 00:00:00 UTC,5.190654003157049,6470503762.709948,137390688.7768003
2023-06-27 00:00:00 UTC,5.023786143775523,6251306546.966815,147711164.3989128
2023-06-28 00:00:00 UTC,5.093780443990474,6353494858.600434,96190035.10012102
2023-06-29 00:00:00 UTC,4.876196651567131,6094244525.578097,114763586.96618988
2023-06-30 00:00:00 UTC,4.992236495372119,6237577866.714234,141314123.73589414
2023-07-01 00:00:00 UTC,5.167902281748904,6452308276.104207,193230503.1259263
2023-07-02 00:00:00 UTC,5.346030808,6670017967.948131,153588050.37699974
2023-07-03 00:00:00 UTC,5.4931663439240115,6859107259.827371,147655963.72481155
2023-07-04 00:00:00 UTC,5.414604020500856,6761150669.211054,145432789.82141417
2023-07-05 00:00:00 UTC,5.3486618599619185,6700890887.537659,133070579.87489633
2023-07-06 00:00:00 UTC,5.204760903006292,6514076243.677027,118391245.38999091
2023-07-07 00:00:00 UTC,5.030601480348588,6303470035.720804,124043765.55267867
2023-07-08 00:00:00 UTC,5.112644587415198,6391628950.862031,95009677.72
2023-07-09 00:00:00 UTC,5.122931652398746,6408167672.937634,72714950.81698301
2023-07-10 00:00:00 UTC,5.075752683168507,6351190038.393827,71715514.60686196
2023-07-11 00:00:00 UTC,5.129425234893106,6414553200.2227545,110444266.31879832
2023-07-12 00:00:00 UTC,5.212807664512845,6528711738.080088,80068603.11954178
2023-07-13 00:00:00 UTC,5.149183382400442,6454368180.046069,113547603.6906676
2023-07-14 00:00:00 UTC,5.541878638509623,6943185837.551099,217008394.27342004
2023-07-15 00:00:00 UTC,5.447709883476799,6819391767.531546,252537149.07311505
2023-07-16 00:00:00 UTC,5.430795863,6808585227.279845,129213066.30878899
2023-07-17 00:00:00 UTC,5.309370615,6648376592.109853,119366265.11818516
2023-07-18 00:00:00 UTC,5.302138362991883,6643963692.839696,150222179.89092803
2023-07-19 00:00:00 UTC,5.176625741185217,6491467991.320275,145147298.46003246
2023-07-20 00:00:00 UTC,5.198504444129399,6517886954.977203,108247539.12471852
2023-07-21 00:00:00 UTC,5.348583139905655,6717602321.062964,161300191.2539338
2023-07-22 00:00:00 UTC,5.485973758714731,6889428161.133605,204543768.65572298
2023-07-23 00:00:00 UTC,5.29590703,6657706824.253902,114563817.47302139
2023-07-24 00:00:00 UTC,5.3973303631538805,6782851315.339273,114167531.63126932
2023-07-25 00:00:00 UTC,5.219262162757914,6555793802.014324,149634701.3595437
2023-07-26 00:00:00 UTC,5.175287122684507,6505784857.444409,98093984.69874279
2023-07-27 00:00:00 UTC,5.238608362428316,6584573610.440049,104852028.4988799
2023-07-28 00:00:00 UTC,5.232444646,6577510972.280995,99193883.90922275
2023-07-29 00:00:00 UTC,5.216725790289067,6563883639.196771,97485867.22704053
2023-07-30 00:00:00 UTC,5.2526976975329935,6609827390.625297,65266367.59393854
2023-07-31 00:00:00 UTC,5.187980709515309,6529870403.814387,99330853.83396041
2023-08-01 00:00:00 UTC,5.111469589259971,6436555543.5657425,110824749.86409132
2023-08-02 00:00:00 UTC,5.1899484152310675,6524451299.641124,129075193.0824161
2023-08-03 00:00:00 UTC,5.054118326177762,6370563643.926555,111185563.6458067
2023-08-04 00:00:00 UTC,4.977486372879044,6281253331.198318,114291805.9953621
2023-08-05 00:00:00 UTC,4.990548066706656,6284953169.152416,98942186.85919341
2023-08-06 00:00:00 UTC,4.968340903735078,6262792120.884622,68683582.45623447
2023-08-07 00:00:00 UTC,4.994060832964243,6295623535.702088,79891258.27189204
2023-08-08 00:00:00 UTC,4.957286418473378,6253953383.825239,109611030.68091844
2023-08-09 00:00:00 UTC,5.061940755786733,6389120306.755551,100599117.0332589
2023-08-10 00:00:00 UTC,5.058176512,6384008719.280745,95166652.97150825
2023-08-11 00:00:00 UTC,4.999386850887789,6312382581.606862,83701857.08704504
2023-08-12 00:00:00 UTC,5.002863616263631,6318115852.788173,75181271.81413424
2023-08-13 00:00:00 UTC,5.032357078439904,6359269697,61479144.18305038
2023-08-14 00:00:00 UTC,4.984807286635574,6297004550.929658,75864330.93285987
2023-08-15 00:00:00 UTC,4.986298691161787,6307074087.296951,91579872.70949876
2023-08-16 00:00:00 UTC,4.810660360168034,6087074436.492555,106091050.4474677
2023-08-17 00:00:00 UTC,4.664406453340078,5907520457,129304101.25336984
2023-08-18 00:00:00 UTC,4.421958380570057,5608623820.335605,205694894.17662242
2023-08-19 00:00:00 UTC,4.510153895,5708140873.304548,148323528.1058482
2023-08-20 00:00:00 UTC,4.515180252249443,5718024617.553259,80081091.42132837
2023-08-21 00:00:00 UTC,4.514959078049262,5719597381.692706,80813890.81158093
2023-08-22 00:00:00 UTC,4.430697394092365,5615045619.076331,106574070.50996217
2023-08-23 00:00:00 UTC,4.4204639646744175,5598762970.285439,115721588.28207095
2023-08-24 00:00:00 UTC,4.490630378005213,5689252134.000744,107149738.86033943
2023-08-25 00:00:00 UTC,4.417790936753219,5600659475.719853,92285749.66205601
2023-08-26 00:00:00 UTC,4.484513144763267,5682416487.623592,98650400.74982356
2023-08-27 00:00:00 UTC,4.503806403322144,5706991571.884492,63138315.21043172
2023-08-28 00:00:00 UTC,4.491343362174164,5700247489.607797,70125042.11654688
2023-08-29 00:00:00 UTC,4.605480003539824,5843322319.872742,113592351.31773746
2023-08-30 00:00:00 UTC,4.671347695589722,5927531555.326392,164144061.23332307
2023-08-31 00:00:00 UTC,4.533122610788501,5759682580.665459,100590435.08921182
2023-09-01 00:00:00 UTC,4.266131972719506,5420070720,166486222.1987417
2023-09-02 00:00:00 UTC,4.217157156635496,5358345050.691117,128359484.07974572
2023-09-03 00:00:00 UTC,4.259210201718938,5413146716.568134,72754830.92
2023-09-04 00:00:00 UTC,4.260194524738027,5418455028.195956,67107098.83430364
2023-09-05 00:00:00 UTC,4.254641935911742,5407503451.113429,95200699.04543851
2023-09-06 00:00:00 UTC,4.253228474878917,5415490840.131667,83655902.98250924
2023-09-07 00:00:00 UTC,4.267870785147058,5431211825.357244,94431752.62214804
2023-09-08 00:00:00 UTC,4.285668582276922,5449298022.295371,90849373.66430032
2023-09-09 00:00:00 UTC,4.250793966391004,5405634158.598042,90902736.31962188
2023-09-10 00:00:00 UTC,4.239368042833064,5399787358.700847,55387827.54977462
2023-09-11 00:00:00 UTC,4.151422498582279,5292845032.229384,99364273.64925325
2023-09-12 00:00:00 UTC,3.982992696729485,5072143203,166551621.38215303
2023-09-13 00:00:00 UTC,3.9869274017831384,5079317813.984866,128935189.7044347
2023-09-14 00:00:00 UTC,4.0009992566313315,5100132766.305462,117896679.68070823
2023-09-15 00:00:00 UTC,4.056381589361638,5171908113.883345,112334487.11209099
2023-09-16 00:00:00 UTC,4.1403403296569445,5277919527.105485,99539803.84
2023-09-17 00:00:00 UTC,4.185219656,5340822011.550752,83861296.18241471
2023-09-18 00:00:00 UTC,4.07483033,5195531460,71903183.68270051
2023-09-19 00:00:00 UTC,4.103238568226504,5237218969.519411,113252862.11690223
2023-09-20 00:00:00 UTC,4.155653193602323,5304165244.189225,106170365.41454266
2023-09-21 00:00:00 UTC,4.138136565917394,5290260979.643771,97815586.01353481
2023-09-22 00:00:00 UTC,4.011800636778395,5127918373.653835,97575740.35856491
2023-09-23 00:00:00 UTC,4.020038179085509,5137130256.378232,81882395.26
2023-09-24 00:00:00 UTC,4.031338133108662,5148439241.906924,55063268.463964194
2023-09-25 00:00:00 UTC,3.986535186974348,5097299888.991969,62428482.54375867
2023-09-26 00:00:00 UTC,4.062085052081578,5192876050.348247,102543905.25708197
2023-09-27 00:00:00 UTC,4.011617621209987,5132051377.791729,99180955.48427458
2023-09-28 00:00:00 UTC,3.9898340756799424,5102975292.914948,109528797.19493128
2023-09-29 00:00:00 UTC,4.071290065142442,5212613184.429899,110959787.20778036
2023-09-30 00:00:00 UTC,4.076313712563673,5219381614.1712885,100941794.05274677
2023-10-01 00:00:00 UTC,4.103017309570023,5257098992.679027,73020900.99376525
2023-10-02 00:00:00 UTC,4.262694645878126,5460301990.409417,107530044.87774397
2023-10-03 00:00:00 UTC,4.1260120334880135,5286478503.857443,157204400.4877256
2023-10-04 00:00:00 UTC,4.075559807960612,5222225506.9748335,83636930.22989535
2023-10-05 00:00:00 UTC,4.046074474340508,5187552562,94190949.05205767
2023-10-06 00:00:00 UTC,4.022396660159521,5154702143.180112,75669504.06727996
2023-10-07 00:00:00 UTC,4.072187698,5222373270.354516,68499529.16959527
2023-10-08 00:00:00 UTC,4.055874298,5201877712.413427,52603149.331159584
2023-10-09 00:00:00 UTC,4.014127377634146,5150767188.108699,66164157.85844559
2023-10-10 00:00:00 UTC,3.8750587904855576,4975989445.460775,139512270.76239622
2023-10-11 00:00:00 UTC,3.8110520401636423,4897815464.0334015,95791989.67
2023-10-12 00:00:00 UTC,3.7358466610917858,4798722714,102204873.25568028
2023-10-13 00:00:00 UTC,3.670814478029972,4717212543,100752329.62421755
2023-10-14 00:00:00 UTC,3.717930111449985,4778377502.295198,82301467.40653822
2023-10-15 00:00:00 UTC,3.7342039694059763,4802217392.636342,55557709.44250261
2023-10-16 00:00:00 UTC,3.752107271138592,4823411118.808268,71472706.64009888
2023-10-17 00:00:00 UTC,3.7863727210635627,4895206821.093105,132597037.39506456
2023-10-18 00:00:00 UTC,3.673745846250243,4725809255.990939,99947303.93589775
2023-10-19 00:00:00 UTC,3.6550408160460464,4703093263.464565,91741773.76144253
2023-10-20 00:00:00 UTC,3.650632105878964,4696166627.689627,102020660.0528243
2023-10-21 00:00:00 UTC,3.7195051609881715,4792335705.773008,139769215.3936478
2023-10-22 00:00:00 UTC,3.9006820354448015,5026632810.627897,141876557.5672888
2023-10-23 00:00:00 UTC,3.965654025634853,5042532740.707915,142053493.07341462
2023-10-24 00:00:00 UTC,4.330218717603721,5516710947,316637164.7036722
2023-10-25 00:00:00 UTC,4.187588722145062,5400672575.340333,345063671.85518026
2023-10-26 00:00:00 UTC,4.282510535902298,5517918435.720147,214571294.8782734
2023-10-27 00:00:00 UTC,4.236894851048261,5465343938.425734,236892880.5605688
2023-10-28 00:00:00 UTC,4.139834145222381,5345948530.803164,182864463.65865707
2023-10-29 00:00:00 UTC,4.180326150889367,5391222858.990376,115883469.3790453
2023-10-30 00:00:00 UTC,4.312751614277587,5566616749.743402,138353309.96742705
2023-10-31 00:00:00 UTC,4.520859295,5839540706.634413,210213963.43622628
2023-11-01 00:00:00 UTC,4.455275668780547,5753039001.966329,241314721.60864794
2023-11-02 00:00:00 UTC,4.726828877,6110004245.783038,281008409.37499505
2023-11-03 00:00:00 UTC,4.635970136285287,5998361597,255797627.03675917
2023-11-04 00:00:00 UTC,4.618334486318117,5965430112.633037,174129036.59015748
2023-11-05 00:00:00 UTC,4.686867213734689,6071043605.539147,140655053.9896332
2023-11-06 00:00:00 UTC,4.776276024155023,6171820041.265265,231989751.34797162
2023-11-07 00:00:00 UTC,4.9644386767326045,6423622650.913837,221510589.94767103
2023-11-08 00:00:00 UTC,4.926180240060906,6367208446.846288,221664168.09200343
2023-11-09 00:00:00 UTC,5.062066496191719,6555531961.149493,230943236.39345768
2023-11-10 00:00:00 UTC,5.091432404,6587758269.276015,390534729.51164615
2023-11-11 00:00:00 UTC,5.300159340657175,6876761620.980035,295941873.6752833
2023-11-12 00:00:00 UTC,5.554249885970245,7196456248.840824,435372959.4408217
2023-11-13 00:00:00 UTC,5.693125127434832,7368633733.154315,434463035.69979984
2023-11-14 00:00:00 UTC,5.375753808509167,6972710643.762359,340764998.48492604
2023-11-15 00:00:00 UTC,5.205423747153845,6765978669,300618937.74096227
2023-11-16 00:00:00 UTC,5.560993838052037,7208873536.650407,294741812.4172981
2023-11-17 00:00:00 UTC,5.356576929650086,6945188317.344028,368880055.48175555
2023-11-18 00:00:00 UTC,5.228047385093827,6797045158.196776,267118925.48544443
2023-11-19 00:00:00 UTC,5.287717883659507,6864703431.333245,205552415.65122265
2023-11-20 00:00:00 UTC,5.440643190354894,7074019548.746499,200596282.52147642
2023-11-21 00:00:00 UTC,5.29692973,6878768703.911328,225076070.3029737
2023-11-22 00:00:00 UTC,4.906796638941419,6373765746.478171,298925539.94347644
2023-11-23 00:00:00 UTC,5.171568200406997,6722199054.675278,212105681.51823097
2023-11-24 00:00:00 UTC,5.130886812967558,6670857583.289603,120366247.42597543
2023-11-25 00:00:00 UTC,5.243490755370192,6817105282.909654,201888613.13447332
2023-11-26 00:00:00 UTC,5.325850350589175,6930453945.580264,133275328.3946241
2023-11-27 00:00:00 UTC,5.323664352105197,6920985641,173591177.9579032
2023-11-28 00:00:00 UTC,5.169393544540189,6722100177.624037,208359526.2740344
2023-11-29 00:00:00 UTC,5.265712898998621,6849003043.918083,186453944.2840447
2023-11-30 00:00:00 UTC,5.161319074241663,6722564568.566667,186994498.3456854
2023-12-01 00:00:00 UTC,5.467275352841163,7123707926.485929,273782562.0418439
2023-12-02 00:00:00 UTC,5.477308052301386,7124435353.223483,139004922.42359412
2023-12-03 00:00:00 UTC,5.576334019367576,7266984966.856602,118704923.64076248
2023-12-04 00:00:00 UTC,5.541476252989157,7221523866.661483,139699763.33276725
2023-12-05 00:00:00 UTC,5.625924150472816,7332879765.146372,271224380.30775434
2023-12-06 00:00:00 UTC,5.903844885800118,7698716107.930096,347922438.7300672
2023-12-07 00:00:00 UTC,6.045493631,7891438289.864976,388087889.92476374
2023-12-08 00:00:00 UTC,6.237573170212809,8152051202.892088,292094096.6194331
2023-12-09 00:00:00 UTC,6.852098839356324,8965979414,400406097.8911308
2023-12-10 00:00:00 UTC,7.1258264546282994,9292108335.618414,677114384.5492729
2023-12-11 00:00:00 UTC,7.325272797433172,9558741670.054224,302263367.2752548
2023-12-12 00:00:00 UTC,6.708808603,8755886642.561085,492924543.31033355
2023-12-13 00:00:00 UTC,7.0940907537953315,9278853159.587873,536480801.3788661
2023-12-14 00:00:00 UTC,7.580589607415374,9865565542.398838,475297617.04893714
2023-12-15 00:00:00 UTC,7.528782614154129,9854134768.066732,514789158.41508985
2023-12-16 00:00:00 UTC,6.954575091547832,9120131740.805037,398361835.73749137
2023-12-17 00:00:00 UTC,7.0855773694716335,9259255847.703545,281177796.7310578
2023-12-18 00:00:00 UTC,6.789114697040983,8883722378.324194,264782011.00864032
2023-12-19 00:00:00 UTC,6.873753595030236,8997693701.070635,310363499.5392449
2023-12-20 00:00:00 UTC,6.701573539053728,8772745515.070896,230667224.74311844
2023-12-21 00:00:00 UTC,6.937336920160702,9082418978.253603,315015067.2137497
2023-12-22 00:00:00 UTC,8.324935373033068,10903999877.593853,986984798.3
2023-12-23 00:00:00 UTC,7.977619979299803,10459002198.723553,623391232.3062353
2023-12-24 00:00:00 UTC,8.337157916270257,10923157554.145172,478356644.17398566
2023-12-25 00:00:00 UTC,8.655971748613158,11353546080.311045,1045828518.8005624
2023-12-26 00:00:00 UTC,9.223868238920453,12097959420.087029,884552476.3
2023-12-27 00:00:00 UTC,8.812767972104089,11557661125.959745,684413296.9599147
2023-12-28 00:00:00 UTC,8.6961282,11403357342.53637,484821118.0851785
2023-12-29 00:00:00 UTC,8.457237828847976,11124520964.416157,443458901.7133091
2023-12-30 00:00:00 UTC,8.285535862556381,10867396701.015911,484304596.83874637
2023-12-31 00:00:00 UTC,8.375781699118956,10999224178.030703,243162917.15624806
2024-01-01 00:00:00 UTC,8.179253066720896,10757112589.19837,304080872.8170816
2024-01-02 00:00:00 UTC,8.596377532718092,11297161413.946665,248244780.07859677
2024-01-03 00:00:00 UTC,8.417421608766222,11034322315.02966,340333674.1
2024-01-04 00:00:00 UTC,7.6360339551051855,10036061575.122246,611301093.7830148
2024-01-05 00:00:00 UTC,7.871723447608001,10352729740.373838,344276224.9
2024-01-06 00:00:00 UTC,7.445377531771868,9774352048,358417246
2024-01-07 00:00:00 UTC,7.134792627,9393136984,242586958.83898675
2024-01-08 00:00:00 UTC,6.893712713042808,9055792262.102497,224311024.81101307
2024-01-09 00:00:00 UTC,7.474130036972596,9851346969.488907,352711537.97538954
2024-01-10 00:00:00 UTC,7.1147500197059745,9353473170.566257,295305031.9213032
2024-01-11 00:00:00 UTC,7.977504691572949,10518060560.085285,428057168.57688195
2024-01-12 00:00:00 UTC,8.157163962250484,10775171645.83126,547306141.6
2024-01-13 00:00:00 UTC,7.5784081360831035,9974681086,348819145.4655665
2024-01-14 00:00:00 UTC,7.6168072022544315,10032684096.88942,214593323.1155314
2024-01-15 00:00:00 UTC,7.332659880256841,9713369545.466578,168262002.8654686
2024-01-16 00:00:00 UTC,7.524014144126593,9929185453,196095010.15492344
2024-01-17 00:00:00 UTC,7.4902552288608275,9887592964.984945,196777414.49189404
2024-01-18 00:00:00 UTC,7.317350209385526,9656067206,184744106.5838675
2024-01-19 00:00:00 UTC,7.010880906813355,9265657370.659473,248894294.24337107
2024-01-20 00:00:00 UTC,6.862518949822255,9063711312.980097,228282176.17940715
2024-01-21 00:00:00 UTC,6.888547395728371,9113124175,141850387.15314472
2024-01-22 00:00:00 UTC,6.8150272788663635,9015906654.521187,116394193.17911075
2024-01-23 00:00:00 UTC,6.3223919981903185,8370601054.424042,275569681.92074203
2024-01-24 00:00:00 UTC,6.352458408426944,8386970996.161283,257216615.36405393
2024-01-25 00:00:00 UTC,6.465545847,8556373508.179006,189205731.1956741
2024-01-26 00:00:00 UTC,6.435558749222969,8514922051.995938,163929556.00488618
2024-01-27 00:00:00 UTC,6.671889615,8818272188.450706,193976810.53379205
2024-01-28 00:00:00 UTC,6.668220172969769,8834159569.711126,146697585.46791765
2024-01-29 00:00:00 UTC,6.823103122153361,9016663346.390146,189890744.54722387
2024-01-30 00:00:00 UTC,7.069698188309496,9394423952,358525976.6987738
2024-01-31 00:00:00 UTC,6.848061621027475,9067901749.047451,232774566.51374143
2024-02-01 00:00:00 UTC,6.649369485426186,8817939928,207121505.50546092
2024-02-02 00:00:00 UTC,6.788948383733377,8991396863.200972,163520260.45143673
2024-02-03 00:00:00 UTC,6.930699537688069,9189088993.917059,163306938.47774243
2024-02-04 00:00:00 UTC,6.831184467214888,9052193188.523954,109077640.54059231
2024-02-05 00:00:00 UTC,6.673405581836955,8851284272.182491,98824460.67711264
2024-02-06 00:00:00 UTC,6.726233543504558,8923424665.330763,164859979.28228816
2024-02-07 00:00:00 UTC,6.805282504519078,9030156905.824903,151817230.5410298
2024-02-08 00:00:00 UTC,6.938729635747881,9216240085.092796,172330689.85653755
2024-02-09 00:00:00 UTC,7.022283424,9333586184.627602,234911814.99864972
2024-02-10 00:00:00 UTC,7.193391553436352,9562729299,269334580.3558849
2024-02-11 00:00:00 UTC,7.205675136142959,9577332525.569868,153741808.65701094
2024-02-12 00:00:00 UTC,7.090638702239128,9423517791.073772,177059814.9802487
2024-02-13 00:00:00 UTC,7.336736856202889,9745552646.515646,267218414.04388946
2024-02-14 00:00:00 UTC,7.361294054303349,9780607742.113703,251411606.0850202
2024-02-15 00:00:00 UTC,7.648745619725107,10177173376.200064,304545227.5
2024-02-16 00:00:00 UTC,7.771469856973091,10342877510.889297,337324196.6
2024-02-17 00:00:00 UTC,7.660303799681259,10206060195.102304,217825474.81573552
2024-02-18 00:00:00 UTC,7.691958513151205,10252395398.04016,191069163.3060555
2024-02-19 00:00:00 UTC,7.843744896385932,10449324455.279585,184734979.29627883
2024-02-20 00:00:00 UTC,8.032811573200595,10697902758.268255,315622432.6962739
2024-02-21 00:00:00 UTC,7.734685769465346,10332543222.301058,363691877.77833945
2024-02-22 00:00:00 UTC,7.473704453745667,9968471568,274626786.77773905
2024-02-23 00:00:00 UTC,7.496562596596207,9994929733.522472,237516677.07771373
2024-02-24 00:00:00 UTC,7.5758016826307655,10118194688.723663,257788485.04921323
2024-02-25 00:00:00 UTC,7.804882625356275,10412022682.62452,243279474.26372716
2024-02-26 00:00:00 UTC,7.930868521848608,10578073493.550491,185987369.76779434
2024-02-27 00:00:00 UTC,8.089295989048571,10795246730.301125,307208612.11585784
2024-02-28 00:00:00 UTC,8.365815174,11167572250.019943,419998702.2823782
2024-02-29 00:00:00 UTC,8.372808971552022,11193776933.533857,589673443.5867805
2024-03-01 00:00:00 UTC,8.248450694,11047077399.623516,507955995.36151284
2024-03-02 00:00:00 UTC,8.641158208,11552165493.85969,343601757.1649777
2024-03-03 00:00:00 UTC,9.434483598693447,12615389920.819368,556665428.5275921
2024-03-04 00:00:00 UTC,9.795439621941842,13089062732.533377,676461702.5359513
2024-03-05 00:00:00 UTC,9.926462804,13275933664.68893,881947349.6050934
2024-03-06 00:00:00 UTC,9.371628972661195,12546537394.243528,1275702370.3148372
2024-03-07 00:00:00 UTC,10.50851861720559,14048305039.311375,802553282.1
2024-03-08 00:00:00 UTC,10.411938581124753,13939214327.332205,591729745.2914412
2024-03-09 00:00:00 UTC,10.681232700968613,14303837356.691278,624372500.6660831
2024-03-10 00:00:00 UTC,10.538196000031547,14112699293.642704,460070134.35698855
2024-03-11 00:00:00 UTC,10.273128935758315,13758345568.669245,398201921.89179677
2024-03-12 00:00:00 UTC,11.060673317661337,14838936213.753946,740430387.3763455
2024-03-13 00:00:00 UTC,10.736312602626874,14393402823.599821,583755604.3170288
2024-03-14 00:00:00 UTC,11.271060967674163,14983595750.181803,592280649.1750168
2024-03-15 00:00:00 UTC,11.46316373625031,15378504379.330399,994543256.7726995
2024-03-16 00:00:00 UTC,10.822175574344534,14522123917.336426,957213803.8176492
2024-03-17 00:00:00 UTC,9.671338044780486,12985324240.809984,608612710.4572579
2024-03-18 00:00:00 UTC,10.072184144230143,13504037716.499653,452425102.4522312
2024-03-19 00:00:00 UTC,9.910633551953715,13310141470.823647,477556606.91581863
2024-03-20 00:00:00 UTC,8.785116782026696,11808900246.600597,628044863.8677489
2024-03-21 00:00:00 UTC,9.488136954073111,12756743717.270815,564332832.8461297
2024-03-22 00:00:00 UTC,9.177733138207305,12341372197.531267,355201348.80525535
2024-03-23 00:00:00 UTC,8.903507249972405,11950904868.299723,304985500.32935005
2024-03-24 00:00:00 UTC,9.0151436,12133905161.254812,192172188.2388776
2024-03-25 00:00:00 UTC,9.375922647,12619062543.76333,196145364.79305503
2024-03-26 00:00:00 UTC,9.726848662,13058853377.639452,314947161.59088326
2024-03-27 00:00:00 UTC,9.700408184,13028996507.219675,379983348.5599448
2024-03-28 00:00:00 UTC,9.443197905238145,12671769947.48269,337328532.78380615
2024-03-29 00:00:00 UTC,9.520501728,12823401412.716166,267606278.34386545
2024-03-30 00:00:00 UTC,9.588641298,12909042939.03877,300681626.57514566
2024-03-31 00:00:00 UTC,9.437567742,12700355330.75223,173180910.33914635
2024-04-01 00:00:00 UTC,9.629575231247735,12965933881.16963,148121299.76551214
2024-04-02 00:00:00 UTC,9.171289667788763,12379743412.254566,312110011.50349486
2024-04-03 00:00:00 UTC,8.582672317391864,11594740592.976133,349192205.4550051
2024-04-04 00:00:00 UTC,8.435878101682354,11401794901.28929,265743900.63138703
2024-04-05 00:00:00 UTC,8.489121776494269,11438173219.162613,241930060.57696578
2024-04-06 00:00:00 UTC,8.402212773,11340962769.651766,232172776.6434174
2024-04-07 00:00:00 UTC,8.496116417243023,11465367353.443386,159535182.85499957
2024-04-08 00:00:00 UTC,8.701325230996018,11746704591.308708,189796318.4901195
2024-04-09 00:00:00 UTC,9.035446907157967,12204528428.336073,266093101.68301478
2024-04-10 00:00:00 UTC,8.661392989,11718642981.049906,312637215.3372137
2024-04-11 00:00:00 UTC,8.409838224551269,11370364990.40854,322010650.8130846
2024-04-12 00:00:00 UTC,8.372888160597858,11315010611.64814,233605730.18161926
2024-04-13 00:00:00 UTC,7.245914842822568,9808285225.955982,637729893.6191802
2024-04-14 00:00:00 UTC,6.446827582183839,8755160891.873539,688477083.8351418
2024-04-15 00:00:00 UTC,6.877299171875023,9320293168.721786,557926148.9984537
2024-04-16 00:00:00 UTC,6.713767948254813,9072251762.625061,373839487.9922321
2024-04-17 00:00:00 UTC,6.7007351546625795,9073251537.444994,254977307.3037036
2024-04-18 00:00:00 UTC,6.58404725,8918923782.153057,216180987.49611732
2024-04-19 00:00:00 UTC,6.781199079,9193082945.920652,193676503.5314908
2024-04-20 00:00:00 UTC,6.699938965,9077055673.557232,298017628.01794803
2024-04-21 00:00:00 UTC,7.213009870795147,9762436813.127338,180710518.87632832
2024-04-22 00:00:00 UTC,7.134061799977951,9665886022.819902,158739124
2024-04-23 00:00:00 UTC,7.4748878117721445,10137534077.291285,238579527.54584947
2024-04-24 00:00:00 UTC,7.244982081333065,9820398081,221712658.65128565
2024-04-25 00:00:00 UTC,6.932561568745248,9395625731,256380325.5766538
2024-04-26 00:00:00 UTC,6.861353952649994,9312817616.037205,195690495.88124165
2024-04-27 00:00:00 UTC,6.757492127,9164511122,188420103.17253998
2024-04-28 00:00:00 UTC,6.810151049001517,9237652146.446466,171132260.99294946
2024-04-29 00:00:00 UTC,6.714183204502002,9119527200,128595929.92728718
2024-04-30 00:00:00 UTC,6.590915893937784,8956986605.628855,176014005.02940115
2024-05-01 00:00:00 UTC,6.4241189337213465,8741513618.393106,285915308.9696534
2024-05-02 00:00:00 UTC,6.855796299781072,9328509055.783041,432852920.75162166
2024-05-03 00:00:00 UTC,7.289404754818164,9918738637,295598410.0320007
2024-05-04 00:00:00 UTC,7.255245393351173,9880846206.367008,277686107.7
2024-05-05 00:00:00 UTC,7.123840506315135,9695352138.963488,174845151.06182632
2024-05-06 00:00:00 UTC,7.305473523191243,9939287311,195572509.22125655
2024-05-07 00:00:00 UTC,7.121250054291011,9695163458.843576,239508989.46077344
2024-05-08 00:00:00 UTC,7.0028509934979875,9548518685.580437,184942091.1967788
2024-05-09 00:00:00 UTC,7.000759104581633,9537664850,202279491.67457762
2024-05-10 00:00:00 UTC,7.048863396312565,9609081711.362635,176830960.4252404
2024-05-11 00:00:00 UTC,6.753067211459926,9203448591.768822,190773567.52883026
2024-05-12 00:00:00 UTC,6.654710183852463,9075120598.904268,125019775.19762078
2024-05-13 00:00:00 UTC,6.621558526749431,9026710910.629725,96944463.76526222
2024-05-14 00:00:00 UTC,6.664952263180351,9091089640.306278,181079692.93808696
2024-05-15 00:00:00 UTC,6.476114415456047,8835201115.001175,145726841.28384688
2024-05-16 00:00:00 UTC,6.95895183,9517919557.600058,212291204.7909636
2024-05-17 00:00:00 UTC,7.028049316361763,9598252726.545607,169518548.04881248
2024-05-18 00:00:00 UTC,7.199753182921385,9813608789.046213,217637788.33942714
2024-05-19 00:00:00 UTC,7.1520572157918085,9769652372.705845,119353870.9199134
2024-05-20 00:00:00 UTC,6.931272562553641,9465058439.075258,118396079.8
2024-05-21 00:00:00 UTC,7.568548068138807,10337137840.070969,238559975.8970934
2024-05-22 00:00:00 UTC,7.611402112408725,10400264207.59872,265104446.91849986
2024-05-23 00:00:00 UTC,7.452477431146691,10187995569.788525,221430100.23033056
2024-05-24 00:00:00 UTC,7.204260634365203,9859673458.630548,344888840.7219613
2024-05-25 00:00:00 UTC,7.245273901619311,9909104172.098974,204152522.23175785
2024-05-26 00:00:00 UTC,7.428200483,10156136496.699438,126044086.61591475
2024-05-27 00:00:00 UTC,7.553216728764559,10337951987.609108,160995640.42743072
2024-05-28 00:00:00 UTC,7.628027802055076,10443687430.095444,203036963.1298531
2024-05-29 00:00:00 UTC,7.366803046739883,10100025073.516312,255301937.54550353
2024-05-30 00:00:00 UTC,7.169069072416183,9820140268.326967,226255231.81650978
2024-05-31 00:00:00 UTC,6.998121791018493,9590441426.775806,200014500.1878295
2024-06-01 00:00:00 UTC,6.986738920754761,9587990167.547712,168625075.1233728
2024-06-02 00:00:00 UTC,7.058331218859057,9672741112.886448,113428552.78675726
2024-06-03 00:00:00 UTC,6.981026457,9585084386.382597,125782115.94108562
2024-06-04 00:00:00 UTC,7.011128005336659,9618881447.267624,182178700.06800836
2024-06-05 00:00:00 UTC,7.191047956143545,9858944297.529688,159104904.08584955
2024-06-06 00:00:00 UTC,7.254035439,9942445759.888329,161654306.24434438
2024-06-07 00:00:00 UTC,7.141667589,9805803096,144218391.85468757
2024-06-08 00:00:00 UTC,6.6589667155177255,9145535990.906008,330147095.0458716
2024-06-09 00:00:00 UTC,6.387607901413416,8768645434.290054,185395421.71411774
2024-06-10 00:00:00 UTC,6.519400391901928,8957714296.958893,187101518.6951278
2024-06-11 00:00:00 UTC,6.510228724062568,8948640353.065762,210497017.43227714
2024-06-12 00:00:00 UTC,6.379576403968344,8768750740.120857,308091192.48237497
2024-06-13 00:00:00 UTC,6.740837147895722,9274214695.367868,302667940.03965276
2024-06-14 00:00:00 UTC,6.360796850939127,8775045706.676785,187905689.9636771
2024-06-15 00:00:00 UTC,6.162929831878535,8479083118.686233,230217150.06656525
2024-06-16 00:00:00 UTC,6.220690696811279,8562360261.396466,112033487.00906755
2024-06-17 00:00:00 UTC,6.3778147649242936,8774228778.860834,137491809.6176832
2024-06-18 00:00:00 UTC,6.070305332797196,8353497152.755225,197374947.15825915
2024-06-19 00:00:00 UTC,5.766638918078803,7928616311.783862,385542656.79557395
2024-06-20 00:00:00 UTC,5.790450288429664,7975533685.569288,183930584.26281202
2024-06-21 00:00:00 UTC,5.637599551159557,7780734603.688207,172125077.42697948
2024-06-22 00:00:00 UTC,5.609763584644722,7737216418.731893,168700608.34012616
2024-06-23 00:00:00 UTC,5.745062765406441,7919030372.849159,131429640.84932064
2024-06-24 00:00:00 UTC,5.637851649663309,7774431394.927399,108328520.17623624
2024-06-25 00:00:00 UTC,5.7291624620438615,7902772104.297471,254378426.2650507
2024-06-26 00:00:00 UTC,5.843287463241967,8069505707,180602227.62248302
2024-06-27 00:00:00 UTC,5.790785383231613,7996328748.287675,144867710.9965384
2024-06-28 00:00:00 UTC,6.277883322700435,8669416422.453375,276330878.04983085
2024-06-29 00:00:00 UTC,6.168200802407276,8517020615.873326,191426392.76072675
2024-06-30 00:00:00 UTC,6.068729584701332,8391035690.632965,98600512.30113053
2024-07-01 00:00:00 UTC,6.207115822,8573571785.054799,116594246.74204937
2024-07-02 00:00:00 UTC,6.336374552862423,8747854593.386179,187882162.2320204
2024-07-03 00:00:00 UTC,6.510251732331429,9007200834.172104,266980592.71545723
2024-07-04 00:00:00 UTC,6.061594837628926,8367634731.102679,276495997.14972067
2024-07-05 00:00:00 UTC,5.561726706115066,7712547494.778603,314913920.1077941
2024-07-06 00:00:00 UTC,5.670438525391919,7852889445.453063,652205922.4423797
2024-07-07 00:00:00 UTC,6.239302741248709,8629186519.973618,374347265.8812537
2024-07-08 00:00:00 UTC,5.897097577766645,8153934332.400078,209140475.6928841
2024-07-09 00:00:00 UTC,5.939415286778494,8225187935.387285,268860058.7023828
2024-07-10 00:00:00 UTC,6.112781211592812,8475500171.870856,209180453.7896116
2024-07-11 00:00:00 UTC,6.096539395867084,8459459826.406463,190684315.72433493
2024-07-12 00:00:00 UTC,5.908216474733135,8185513964.720814,165689949.40306658
2024-07-13 00:00:00 UTC,6.096922592337679,8455849607.142028,171080564.0175537
2024-07-14 00:00:00 UTC,6.2390450733409795,8656766474.394491,138464451.8892007
2024-07-15 00:00:00 UTC,6.331343844,8789935238.374603,166100888.18944684
2024-07-16 00:00:00 UTC,6.504471351588173,9011298678.383944,266688792.31284893
2024-07-17 00:00:00 UTC,6.345841640312156,8806168381.146105,260212755.59700996
2024-07-18 00:00:00 UTC,6.258407495540402,8702829002.713629,208789941.2065339
2024-07-19 00:00:00 UTC,6.091013452390535,8463432984.752482,213819463.8968058
2024-07-20 00:00:00 UTC,6.342381279977023,8815525673.239305,199132892.12292823
2024-07-21 00:00:00 UTC,6.338198313237209,8810815208.281696,135891025.35322756
2024-07-22 00:00:00 UTC,6.419729527464912,8917212300.573147,166012476.82913798
2024-07-23 00:00:00 UTC,6.111947224522983,8502888669.172124,388422967.32416415
2024-07-24 00:00:00 UTC,5.924620035044205,8243544852,190463147.61311218
2024-07-25 00:00:00 UTC,5.748927616334071,7999258713.389161,160866067.42945054
2024-07-26 00:00:00 UTC,5.752483527765151,8008687319.432675,206160693.18055037
2024-07-27 00:00:00 UTC,5.868627385,8173805255.7267685,161777871.06214225
2024-07-28 00:00:00 UTC,5.840083700967134,8136610491.424201,144150444.33749163
2024-07-29 00:00:00 UTC,5.723008555728891,7974074951.181528,104582829.01542939
2024-07-30 00:00:00 UTC,5.643662140920915,7866060852.6911545,165860624.10616395
2024-07-31 00:00:00 UTC,5.518369475824784,7692226810.462885,139036847.47696152
2024-08-01 00:00:00 UTC,5.385245059056931,7500870474.458805,177871644.49110672
2024-08-02 00:00:00 UTC,5.343944203573159,7460443466.3520775,231051768.5710018
2024-08-03 00:00:00 UTC,5.117754974597963,7135242497.337757,199100671.5281382
2024-08-04 00:00:00 UTC,5.046821892929902,7041287866.583288,189224841.05715007
2024-08-05 00:00:00 UTC,4.676780250564019,6543735772,209723339.50256255
2024-08-06 00:00:00 UTC,4.205719943026263,5880578800.088725,732400399.1
2024-08-07 00:00:00 UTC,4.503072464,6287510224.273228,250516173.8909979
2024-08-08 00:00:00 UTC,4.567200381179396,6380261261.157521,235819198.91909763
2024-08-09 00:00:00 UTC,4.877637895807024,6801942627.088998,215402945.14218858
2024-08-10 00:00:00 UTC,4.791003997597276,6687595208.324718,144422796.48613095
2024-08-11 00:00:00 UTC,4.754285476525824,6653275883.228501,88078037.77970535
2024-08-12 00:00:00 UTC,4.497237326765294,6297707792.213655,112014170.68758318
2024-08-13 00:00:00 UTC,4.5863164382814885,6425438539.195291,138977159.94668952
2024-08-14 00:00:00 UTC,4.549008118472621,6354911237.697642,129004975.69319938
2024-08-15 00:00:00 UTC,4.385793874902475,6139008992.839395,130854105.08846244
2024-08-16 00:00:00 UTC,4.281175255516217,5996448494.043213,138657819.3343978
2024-08-17 00:00:00 UTC,4.289995401227132,6007956666.1854315,118623942.43336119
2024-08-18 00:00:00 UTC,4.361623603426396,6112846616.438036,69885707.22657669
2024-08-19 00:00:00 UTC,4.384178303074269,6152023872,113058260.94891666
2024-08-20 00:00:00 UTC,4.484510325607978,6273504584.833455,125628326.34896068
2024-08-21 00:00:00 UTC,4.5218929590846955,6344070844.126277,117237027.8390781
2024-08-22 00:00:00 UTC,4.669574138005986,6532444946.253025,136255805.88918018
2024-08-23 00:00:00 UTC,4.695557370348874,6588642605.285911,141397252.51148528
2024-08-24 00:00:00 UTC,4.901058044041947,6877500256.663529,167502668.9740126
2024-08-25 00:00:00 UTC,4.989833412682986,6993115976.599953,159026023.2196795
2024-08-26 00:00:00 UTC,4.821201599433384,6771730331.951999,148264573.60392871
2024-08-27 00:00:00 UTC,4.561931695975503,6414343763.209291,136719045.09252894
2024-08-28 00:00:00 UTC,4.377939309670383,6152594412.050144,191719703.97579995
2024-08-29 00:00:00 UTC,4.2567939710699925,5997678663.423373,180877986.88138437
2024-08-30 00:00:00 UTC,4.246731551853454,5970644051.466965,135782501.63077953
2024-08-31 00:00:00 UTC,4.282237019396898,6024907727.218101,136666862.06032512
2024-09-01 00:00:00 UTC,4.256503698177213,5987782460.952641,76678121.16161507
2024-09-02 00:00:00 UTC,4.072759587023118,5736722483.169419,134642882.1592982
2024-09-03 00:00:00 UTC,4.206217786865359,5921459854,143607840.28596756
2024-09-04 00:00:00 UTC,4.060933696933654,5741823631.853844,146039533.1513029
2024-09-05 00:00:00 UTC,4.109562271241769,5776226465.168695,213634152.1439049
2024-09-06 00:00:00 UTC,4.017651979480927,5654476288.026229,123219782.73134437
2024-09-07 00:00:00 UTC,3.9598290488393437,5581327964.677693,182056013.11504227
2024-09-08 00:00:00 UTC,4.075722084968656,5744006959.070744,115705115.5579543
2024-09-09 00:00:00 UTC,4.163158462468467,5870722684.781209,106719050.87802863
2024-09-10 00:00:00 UTC,4.287718785637171,6052291379.998004,142487949.4049876
2024-09-11 00:00:00 UTC,4.256392524474435,6004933256.546726,119332363
2024-09-12 00:00:00 UTC,4.1902988737595805,5914317189.018625,164818293.27734548
2024-09-13 00:00:00 UTC,4.2904945499834914,6060744702.339041,128496405.46436028
2024-09-14 00:00:00 UTC,4.427141798154583,6249853804.321581,164549069.20702937
2024-09-15 00:00:00 UTC,4.439887982682703,6271406356.148856,123455069.65001212
2024-09-16 00:00:00 UTC,4.404804847982466,6219423720.689656,151040762.08417338
2024-09-17 00:00:00 UTC,4.201220822393733,5934892348.674873,161625857.0449203
2024-09-18 00:00:00 UTC,4.153538566721878,5871308691.423786,168300938.40938827
2024-09-19 00:00:00 UTC,4.161148472041885,5870933072.565236,212150116.05902457
2024-09-20 00:00:00 UTC,4.2541707350902005,6016778037.752348,226171685.8834989
2024-09-21 00:00:00 UTC,4.334401611070779,6131934053.294479,201312069.4130975
2024-09-22 00:00:00 UTC,4.465508448691598,6321873614.889656,147015333.50948438
2024-09-23 00:00:00 UTC,4.314840685059992,6107717679.071393,143132040.98305592
2024-09-24 00:00:00 UTC,4.453426894102328,6306336539.485603,190024936.55067483
2024-09-25 00:00:00 UTC,4.6415041253750156,6574975822.217456,218974612.32978004
2024-09-26 00:00:00 UTC,4.6358985688225225,6563327002.476932,217108074.0751975
2024-09-27 00:00:00 UTC,4.812726834858892,6823793554.4206085,207077263.91677284
2024-09-28 00:00:00 UTC,4.893305713191939,6937638480.983736,206699112.73634675
2024-09-29 00:00:00 UTC,4.809296021419672,6817551983.838758,144375542.85164598
2024-09-30 00:00:00 UTC,4.765939497943821,6762870349.145038,153498562.91507456
2024-10-01 00:00:00 UTC,4.432245871,6288362193.926936,216458848.11186978
2024-10-02 00:00:00 UTC,4.1579974312564305,5901985164.315201,366033863.09853774
2024-10-03 00:00:00 UTC,4.101226331,5823223546.476607,224444346.1165889
2024-10-04 00:00:00 UTC,4.118989993284396,5846574740.483174,216133667.02501205
2024-10-05 00:00:00 UTC,4.197115007193615,5961994750.370411,156497698.2830025
2024-10-06 00:00:00 UTC,4.137970295953173,5881471006.271443,110589174.9449693
2024-10-07 00:00:00 UTC,4.185860598630818,5950729320.934547,100631200
2024-10-08 00:00:00 UTC,4.136654457855629,5899169457.285362,189494779.4474912
2024-10-09 00:00:00 UTC,4.096996174,5831240275.164508,158547036.06278628
2024-10-10 00:00:00 UTC,4.022750796,5725703769.770611,147579337.25832778
2024-10-11 00:00:00 UTC,4.061715013743869,5780152440.571236,137373956.83048812
2024-10-12 00:00:00 UTC,4.169261976123401,5935620054.043801,131693730.1
2024-10-13 00:00:00 UTC,4.206835217524158,5990271006.752134,125643376.05208889
2024-10-14 00:00:00 UTC,4.154630463087601,5917066546.979775,109120378.30271783
2024-10-15 00:00:00 UTC,4.366399341789245,6227423708.021085,191989240.04980278
2024-10-16 00:00:00 UTC,4.399926578481408,6275335003.278611,254954986.89595345
2024-10-17 00:00:00 UTC,4.317517707517408,6146468253.686005,167543236.59508747
2024-10-18 00:00:00 UTC,4.188241549,5971731035.475722,136341688.42203593
2024-10-19 00:00:00 UTC,4.3048882953354735,6142928669.155428,145556810.97772735
2024-10-20 00:00:00 UTC,4.436088700352745,6328210175.331673,159998356.9001006
2024-10-21 00:00:00 UTC,4.564522193041987,6512071314.912645,160720210.5376804
2024-10-22 00:00:00 UTC,4.378025859430464,6246861934.581365,174205962.33980542
2024-10-23 00:00:00 UTC,4.320743598373926,6170396046.744133,160827160.5408277
2024-10-24 00:00:00 UTC,4.209558862218669,6011526029.540705,161908785.99479997
2024-10-25 00:00:00 UTC,4.205389404947038,6005060043.145219,148814449.64814654
2024-10-26 00:00:00 UTC,3.979747318494116,5685366123.703128,229091387.8945665
2024-10-27 00:00:00 UTC,4.030326784193172,5763209435.433616,158709375.96344784
2024-10-28 00:00:00 UTC,4.122145657846001,5893928074.217013,127142949.04646264
2024-10-29 00:00:00 UTC,4.127607318684841,5903891898.662482,194132657.94198686
2024-10-30 00:00:00 UTC,4.192150025951257,5986963997.058282,222742356.0193516
2024-10-31 00:00:00 UTC,4.190238137561551,6000564888.864226,182686754.01072106
2024-11-01 00:00:00 UTC,3.9554226343475727,5668382145.024319,222237711.5981779
2024-11-02 00:00:00 UTC,3.9056960987616383,5593672354,209722623.1964392
2024-11-03 00:00:00 UTC,3.9000185582395113,5585348280.061481,131230367.87879281
2024-11-04 00:00:00 UTC,3.79168524,5438835979.268123,216215151.77498662
2024-11-05 00:00:00 UTC,3.746542182184928,5367646219,148688397.16413066
2024-11-06 00:00:00 UTC,3.8518158139464282,5523864982,161319368.16203183
2024-11-07 00:00:00 UTC,4.117509650834854,5907704345.107553,382727348.78272456
2024-11-08 00:00:00 UTC,4.162415776758603,5969119557.929986,280608815.34866387
2024-11-09 00:00:00 UTC,4.333083586,6219936247.387929,426495541.97726333
2024-11-10 00:00:00 UTC,4.6156770927408814,6638693302.809183,316886003.2283409
2024-11-11 00:00:00 UTC,5.227515532161541,7485402310.754487,1382060009.7774332
2024-11-12 00:00:00 UTC,5.717173954207211,8218773322.764195,893227242.6286404
2024-11-13 00:00:00 UTC,5.359274248369841,7689160825.7577505,1160372989.600832
2024-11-14 00:00:00 UTC,5.087419736545952,7321098069.287153,845861301.3546714
2024-11-15 00:00:00 UTC,4.767081845839398,6834306611.2133255,551454928.6385021
2024-11-16 00:00:00 UTC,5.138731412657049,7389514730.948136,505663289.41462976
2024-11-17 00:00:00 UTC,5.756561923326833,8273126743.309964,784150867.2592056
2024-11-18 00:00:00 UTC,5.411252058380183,7785638849.506375,843684060.0619962
2024-11-19 00:00:00 UTC,6.026757363270772,8680221108,817447523.5245076
2024-11-20 00:00:00 UTC,5.800090035343622,8349661755.924848,488269957.8959976
2024-11-21 00:00:00 UTC,5.737518269,8267138566.641188,687052869.1167806
2024-11-22 00:00:00 UTC,5.938292161320656,8549820682.898639,710691533.6
2024-11-23 00:00:00 UTC,6.654568871568875,9565626204,1118565130.8956618
2024-11-24 00:00:00 UTC,8.480573617515835,12215884515.185947,4029832919.4948745
2024-11-25 00:00:00 UTC,8.828889706813152,12732678850.312284,3709827995.529082
2024-11-26 00:00:00 UTC,8.232233033248502,11867066732.072239,1550682343.1341267
2024-11-27 00:00:00 UTC,8.055583854407976,11618151585.811499,1214932052.7371671
2024-11-28 00:00:00 UTC,8.470416729132179,12896610642.448778,1018435760.7287474
2024-11-29 00:00:00 UTC,8.625928351861294,13124787354.836481,819754943.0331972
2024-11-30 00:00:00 UTC,9.013103687,13694855320.51304,976203391.5740867
2024-12-01 00:00:00 UTC,8.987536871473994,13682093690.490286,1093033294.820603
2024-12-02 00:00:00 UTC,9.284443289341272,14137401931.612473,923956917.5
2024-12-03 00:00:00 UTC,10.025357893237784,15262225003.09778,2050161865.9738822
2024-12-04 00:00:00 UTC,9.864460391117042,15013385163.692583,2223009230.6595035
2024-12-05 00:00:00 UTC,10.538502333245544,16041273604.544933,2885366549.389038
2024-12-06 00:00:00 UTC,10.452748409995786,15917502411.847876,2007633321.8874154
2024-12-07 00:00:00 UTC,10.733623844767518,16376367854.135273,1264054442.1907916
2024-12-08 00:00:00 UTC,10.642554299176084,16226431918.98235,924742704.8
2024-12-09 00:00:00 UTC,10.435105591682834,15853661039.376863,820777740.2858694
2024-12-10 00:00:00 UTC,8.514674436054847,12949449299.629826,1756719957.9662366
2024-12-11 00:00:00 UTC,8.376631103,12749655350.51308,1511755290.733215
2024-12-12 00:00:00 UTC,9.006968074344108,13711010810.045668,1075653941.8503048
2024-12-13 00:00:00 UTC,9.021865084005693,13706190552.902285,1199636035.5106063
2024-12-14 00:00:00 UTC,9.045350871749957,13769112072.590532,809569054.7612625
2024-12-15 00:00:00 UTC,8.548352486197125,13012728999.45761,720935407.6425378
2024-12-16 00:00:00 UTC,9.054145214193706,13785207920.906765,803662092.7429317
2024-12-17 00:00:00 UTC,8.760557851326139,13337128138.168434,768727744.2477787
2024-12-18 00:00:00 UTC,8.452874845823278,12878507706.81956,564741492.5826279
2024-12-19 00:00:00 UTC,7.698043308,11707143326.348003,774908737.4
2024-12-20 00:00:00 UTC,7.000077878976265,10657595016.082409,1086124837.3431895
2024-12-21 00:00:00 UTC,7.293541883705951,11078107314.74053,1021964776.574753
2024-12-22 00:00:00 UTC,6.953396562,10565319086.16197,612239126.3
2024-12-23 00:00:00 UTC,6.824171601363307,10405418079.72872,449643193.4693805
2024-12-24 00:00:00 UTC,7.356434044180842,11198191077.047335,539764573.1630613
2024-12-25 00:00:00 UTC,7.569390707588506,11502434769.709047,433986333.65930504
2024-12-26 00:00:00 UTC,7.495970965,11404977617.909649,315870291.77983326
2024-12-27 00:00:00 UTC,6.930808341676126,10550541237.70679,347681284.73239106
2024-12-28 00:00:00 UTC,6.895822608208447,10494234540.429379,345531732.7427434
2024-12-29 00:00:00 UTC,7.102445975088033,10818859505.226204,230066007.55433878
2024-12-30 00:00:00 UTC,6.867609733029039,10454538701.531261,216122629.28481495
2024-12-31 00:00:00 UTC,6.694224724913198,10180469171.934875,352231593.47555494
2025-01-01 00:00:00 UTC,6.642342862506173,10113205041.606663,229365519.02511942
2025-01-02 00:00:00 UTC,7.011831925954553,10673880771.136974,247755276
2025-01-03 00:00:00 UTC,7.172594543636895,10925492560.691156,309000049.86166275
2025-01-04 00:00:00 UTC,7.743028684,11786401551.44405,539342851.0007907
2025-01-05 00:00:00 UTC,7.696280293513227,11719603154.711365,304399076.52685183
2025-01-06 00:00:00 UTC,7.683347151713971,11696424181.763823,245541864.96516636
2025-01-07 00:00:00 UTC,7.769200365778986,11809488519.493692,402221938.4758566
2025-01-08 00:00:00 UTC,7.027906542050603,10709719845.805716,512352289.4426803
2025-01-09 00:00:00 UTC,6.761526519681468,10308805173.026878,493087506.0609287
2025-01-10 00:00:00 UTC,6.557542197378033,9985953661,330378379.6866445
2025-01-11 00:00:00 UTC,6.738149972457438,10258898575.306026,311277186.7
2025-01-12 00:00:00 UTC,6.744056640344187,10273206164.987535,165093899.43001288
2025-01-13 00:00:00 UTC,6.625795118019255,10085471431.647745,141543566.96166176
2025-01-14 00:00:00 UTC,6.397463903700922,9735593371,399012512.27772474
2025-01-15 00:00:00 UTC,6.663287986428835,10136708461.664795,213141307.09348366
2025-01-16 00:00:00 UTC,7.1863619362972155,10941510167.68485,506165482.3495175
2025-01-17 00:00:00 UTC,7.150950484206798,10886579923.225327,435658805.8921994
2025-01-18 00:00:00 UTC,7.515682325709637,11444703914.229948,367309752.27145755
2025-01-19 00:00:00 UTC,7.035272400500881,10705441847.753828,354931037.1694506
2025-01-20 00:00:00 UTC,6.239516242739936,9523912507.617281,615856568.5571425
2025-01-21 00:00:00 UTC,6.355432669057866,9691552864.681587,748140884.7915807
2025-01-22 00:00:00 UTC,6.6500034384858075,10112321524.916006,355769051.90993965
2025-01-23 00:00:00 UTC,6.434517736,9802217007.917845,215503293.61278078
2025-01-24 00:00:00 UTC,6.356036875608137,9680646881.865334,268918550.8118405
2025-01-25 00:00:00 UTC,6.313076452746947,9601474626,201623527.31635818
2025-01-26 00:00:00 UTC,6.334525888259395,9651783029.683846,146294895.85328555
2025-01-27 00:00:00 UTC,6.173818116908197,9404571220,154059437.48463467
2025-01-28 00:00:00 UTC,5.934398592474619,9025181980.861689,452139396.39279044
2025-01-29 00:00:00 UTC,5.654045223846975,8606215220,201672906.7991726
2025-01-30 00:00:00 UTC,5.770414948314038,8793594567,229114317.70305637
2025-01-31 00:00:00 UTC,6.127695465821283,9343681874,207475144.7617954
2025-02-01 00:00:00 UTC,6.3149306445701106,9611360306,347310792.4039814
2025-02-02 00:00:00 UTC,5.925742650245715,9049371864.833912,253834326.48964158
2025-02-03 00:00:00 UTC,5.1223498891675625,7764707208.756016,565973916.4663827
2025-02-04 00:00:00 UTC,5.177344192231989,7885714795.996913,1201970826.6236064
2025-02-05 00:00:00 UTC,4.7465688265166195,7208967694.395373,467716839.7706376
2025-02-06 00:00:00 UTC,4.692305822775594,7142942589.457484,218308685.8650339
2025-02-07 00:00:00 UTC,4.488024986683552,6817803070.035865,202447674.1211231
2025-02-08 00:00:00 UTC,4.584974629536713,6968628859.018911,322886400.49758315
2025-02-09 00:00:00 UTC,4.747784336106698,7231054164.180392,169859745.00550616
2025-02-10 00:00:00 UTC,4.768484213122575,7259103275.373556,220104817.88435477
2025-02-11 00:00:00 UTC,4.835423126063689,7361656486.188615,214764530.49897516
2025-02-12 00:00:00 UTC,4.809066559,7321258576.528013,276490330.2341074
2025-02-13 00:00:00 UTC,5.231804807639781,7960471222.121489,431734813.7945228
2025-02-14 00:00:00 UTC,5.129201706,7808489480.900191,223466503.9197794
2025-02-15 00:00:00 UTC,5.191503606288476,7903655004.709913,221686215.68924507
2025-02-16 00:00:00 UTC,5.023912833,7646937382.360792,150692647.2874577
2025-02-17 00:00:00 UTC,4.8763094807083895,7419103570.427069,127691841.03065348
2025-02-18 00:00:00 UTC,4.884356070287686,7431095474,196132141.52568948
2025-02-19 00:00:00 UTC,4.761070407791918,7240860520.048352,238668344.67676988
2025-02-20 00:00:00 UTC,4.877077278265619,7423868323.526048,164700250.7311589
2025-02-21 00:00:00 UTC,5.049532688568829,7688607035,205826300.23823163
2025-02-22 00:00:00 UTC,5.055764776364962,7696888009.362756,326841354.65206677
2025-02-23 00:00:00 UTC,5.045600420451044,7681254799.631484,197199332.41423583
2025-02-24 00:00:00 UTC,4.962965250471214,7550802937.692735,125624894.48164535
2025-02-25 00:00:00 UTC,4.409173135088577,6704630791.655081,277983570.78092974
2025-02-26 00:00:00 UTC,4.630833214861277,7048941234.924034,456052622.4782715
2025-02-27 00:00:00 UTC,4.737227814946534,7214672121,313517702.7
2025-02-28 00:00:00 UTC,4.9297933547131505,7504462036.486724,351623459.64350885
2025-03-01 00:00:00 UTC,4.718933352338517,7184693286.174946,406798078.4782478
2025-03-02 00:00:00 UTC,4.663492657367923,7095576317.576056,172411504.21341795
2025-03-03 00:00:00 UTC,5.194907662022664,7907459756.219945,351404757.2591509
2025-03-04 00:00:00 UTC,4.479753641,6827889952.6983185,354542177.62483937
2025-03-05 00:00:00 UTC,4.331014885958371,6587069005.413009,358004086.9836772
2025-03-06 00:00:00 UTC,4.528683380998404,6890816388.620815,197701711.15388465
2025-03-07 00:00:00 UTC,4.440327657989716,6757953127,198956189.0998639
2025-03-08 00:00:00 UTC,4.405587736173357,6706313318.2032995,286605234.2300235
2025-03-09 00:00:00 UTC,4.288418270311042,6530742364.192004,130249257.56892297
2025-03-10 00:00:00 UTC,4.017849174215634,6098037561.853455,202616257.9042693
2025-03-11 00:00:00 UTC,3.886090665715909,5924388799.717715,261453381.28991136
2025-03-12 00:00:00 UTC,4.044064391425978,6154251436.853501,277788376.2046481
2025-03-13 00:00:00 UTC,3.976503748419388,6047740002.912908,212556427.04158702
2025-03-14 00:00:00 UTC,3.9752803035019677,6049778882.121537,195642781.95121038
2025-03-15 00:00:00 UTC,4.180392739164096,6363382819.276579,221637052.71454492
2025-03-16 00:00:00 UTC,4.352416876189085,6627033883.790361,158730273.71130607
2025-03-17 00:00:00 UTC,4.300928394,6537879795.972363,155877082.88105214
2025-03-18 00:00:00 UTC,4.378156359311373,6667053075.981273,177325414.8427803
2025-03-19 00:00:00 UTC,4.4641656928903135,6793936451.837484,173999552.6785384
2025-03-20 00:00:00 UTC,4.545125675636074,6912321086.645029,240430398.92310542
2025-03-21 00:00:00 UTC,4.396429517938644,6691250461.656311,165791500.5
2025-03-22 00:00:00 UTC,4.492833157752314,6841117440.048836,198758693.2095648
2025-03-23 00:00:00 UTC,4.440801420945156,6755932806.918282,134612578.0779071
2025-03-24 00:00:00 UTC,4.497209413079835,6853376058.674074,134757520.99115974
2025-03-25 00:00:00 UTC,4.613701095,7017401849.992181,212406756.34480095
2025-03-26 00:00:00 UTC,4.6410705913636985,7064875940.825395,150821706.6
2025-03-27 00:00:00 UTC,4.692452329383157,7145283988.592348,200688744.7669101
2025-03-28 00:00:00 UTC,4.6320289945341235,7051220649.739965,189869115.18316212
2025-03-29 00:00:00 UTC,4.288950588191705,6525848247.071601,208166543.03374335
2025-03-30 00:00:00 UTC,4.048690774702964,6151156566.893912,154746554.63838288
2025-03-31 00:00:00 UTC,4.0348020276508425,6138219211.805758,123335193.92868994
2025-04-01 00:00:00 UTC,4.0235385272362105,6124705047.020388,156442506.01143336
2025-04-02 00:00:00 UTC,4.1767975254425735,6362627829.429223,157721985.3016019
2025-04-03 00:00:00 UTC,3.966703761405211,6038331549.223662,260135998.9388796
2025-04-04 00:00:00 UTC,4.053293922122308,6169970408.399564,194927424.80435094
2025-04-05 00:00:00 UTC,4.031504992184917,6136160273.910595,173903471.2592361
2025-04-06 00:00:00 UTC,3.963681257528397,6028214527.093344,105934824.13301788
2025-04-07 00:00:00 UTC,3.675281015904061,5586380627.041218,184276862.6839877
2025-04-08 00:00:00 UTC,3.5910034895006557,5486378099.970806,427100562.6823301
2025-04-09 00:00:00 UTC,3.3660107363196534,5121979456.064432,193841629.9674787
2025-04-10 00:00:00 UTC,3.6357673780347453,5533840258.842209,317717075.92116654
2025-04-11 00:00:00 UTC,3.4656100511582237,5277619664.534353,219360831.0606997
2025-04-12 00:00:00 UTC,3.555901707755209,5413032038.313501,154887087.36880568
2025-04-13 00:00:00 UTC,3.712469398070574,5656164602.021083,127892822.19230707
2025-04-14 00:00:00 UTC,3.652410153330492,5545337783.218219,172374035.31874913
2025-04-15 00:00:00 UTC,3.6709515974703013,5587942110.695048,159814261.13010684
2025-04-16 00:00:00 UTC,3.5220541582843907,5360109679,140660296.09425417
2025-04-17 00:00:00 UTC,3.5568930754149894,5412830220.899554,140409183.4525263
2025-04-18 00:00:00 UTC,3.6309172357869133,5525468376.487839,126658899.60456094
2025-04-19 00:00:00 UTC,3.6828070230670242,5608887034.310444,87183285.93808618
2025-04-20 00:00:00 UTC,3.875695553403852,5899249077.365679,107542205.44830623
2025-04-21 00:00:00 UTC,3.878558780275851,5903115334.126512,131554313.58082154
2025-04-22 00:00:00 UTC,3.791356419939267,5771003584.902883,138375515.82463697
2025-04-23 00:00:00 UTC,4.0214281858071566,6124436232,221183005.99889478
2025-04-24 00:00:00 UTC,4.0893318343573934,6226712713.966897,243429211.8128456
2025-04-25 00:00:00 UTC,4.257528151823736,6480430220.744547,212680458.27914992
2025-04-26 00:00:00 UTC,4.262217790758248,6490203903.937389,208528104.33728528
2025-04-27 00:00:00 UTC,4.266977250366512,6494540737.566986,144530312.28994662
2025-04-28 00:00:00 UTC,4.096871083389044,6235526694.678963,169777311.62057754
2025-04-29 00:00:00 UTC,4.236896520599812,6445783825.498586,191727714.96651155
2025-04-30 00:00:00 UTC,4.137170970134625,6294431420.553912,140689016.94973508
2025-05-01 00:00:00 UTC,4.068623763452828,6194305600.433748,145093828.04871634
2025-05-02 00:00:00 UTC,4.172986887084501,6350729347.378437,134951567.47447014
2025-05-03 00:00:00 UTC,4.161142468321199,6333669795.930389,126642477.41594069
